{
    "document_type": "receipt",
    "general_info": {
        "code": null,
        "date": "2020-08-13",
        "seller_or_manufacturer": "NHÀ SÁCH GD-TC CẨM PHẢ",
        "buyer_or_project": null
    },
    "technical_specs": [],
    "technical_tables": [],
    "technical_drawing": null,
    "financials": {
        "total_payment": 30000,
        "currency": "VND"
    },
    "items": [
        {
            "name": "VPP Loại 5K",
            "quantity": 6,
            "unit": null,
            "unit_price": 5000,
            "total_money": 30000,
            "specs_ref": null
        }
    ],
    "raw_text_all": [
        "NHÀ SÁCH GD-TC CẨM PHẢ",
        "Đc: 212 Đường Trần Phú-Cẩm Phả",
        "- Nhân viên thu ngân:",
        "ĐT 0333863328-Fax 0333863328",
        "Thời gian:08:48:12 - 13/08/2020",
        "Thành tiến",
        "Tên hàng",
        "Ck",
        "SL",
        "Giá",
        "30.000",
        "0",
        "VPP Loại 5K",
        "5.000",
        "6",
        "30.000",
        "Tổng cộng:",
        "6",
        "Od",
        "- Chiết khấu bán hàng:",
        "30.000",
        "Tổng số thanh toán:",
        "XIN CẢM ƠN QUÍ KHÁCHI",
        "000",
        "Samsung Triple Camera",
        "Chụp bằng Galaxy M21"
    ]
}