{
    "document_type": "invoice",
    "general_info": {
        "code": {
            "value": "1100133372",
            "source_text": "11:00133372"
        },
        "date": {
            "value": "2020-08-14",
            "source_text": "14/08/2020"
        },
        "seller_or_manufacturer": {
            "value": "Vincommerce",
            "source_text": "Vincommerce"
        },
        "buyer_or_project": null
    },
    "technical_specs": [],
    "technical_tables": [],
    "technical_drawing": null,
    "financials": {
        "total_payment": {
            "value": 100000.0,
            "source_text": "100.000"
        },
        "currency": {
            "value": "VND",
            "source_text": null
        }
    },
    "items": [
        {
            "name": {
                "value": "VMã dịch vụ viet lott Bán 2050000655777",
                "source_text": "VMã dịch vụ viet lott Bán 2050000655777"
            },
            "quantity": {
                "value": 1,
                "source_text": "1"
            },
            "unit": null,
            "unit_price": {
                "value": 100000.0,
                "source_text": "100.000"
            },
            "total_money": {
                "value": 100000.0,
                "source_text": "100.000"
            },
            "specs_ref": null
        }
    ],
    "raw_text_all": [
        "VM% ONH 500 Trần Phú",
        "J",
        "Số 590 Trần Phú, P. Gồm Thúy",
        "Vincommerce",
        "TP. Gám Phá, Quảng Ninh",
        "024.71066866-43581",
        "HÓA ƠN BÁN HẰNG",
        "Ngày bán:14/08/2020 09:09",
        "11:00133372",
        "Quấy:001",
        "14 NVBH:09020497",
        "Mặt hàng",
        "SL",
        "T.Tiền",
        "ơn giá",
        "VMã dịch vụ viet lott Bán",
        "2050000655777",
        "100.000",
        "100.000",
        "1",
        "TỔNG TIỀN PHẢI T. TOÁN",
        "100.000",
        "TỔNG TIẾN Ã GIẢM",
        "0",
        "100.000",
        "TIỀN KHÁCH TRẢ",
        "TIẾN MẶT",
        "100.000",
        "TIỀN TRẢ LAI",
        "0",
        "(Giá đã bao gồm thuế GTGT)",
        "Chỉ xuất hóa đơn trong ngày",
        "Tax invoice will be issued within same day",
        "CÁM ƠN QUÝ KHÁCH VÀ HỢN GẶP LẠI",
        "Hotline: 02471066866 Website: vinmart.com",
        "000",
        "Samsung Triple Camera",
        "Chụp bằng Galaxy M21"
    ]
}