{
    "document_type": "invoice",
    "general_info": {
        "code": {
            "value": "10.000A822/2008000010",
            "source_text": "Số 10.000A822/2008000010"
        },
        "date": {
            "value": "2020-08-19",
            "source_text": "Ngày 191082020201802"
        },
        "seller_or_manufacturer": {
            "value": "MINIMART ANAN",
            "source_text": "MINIMART ANAN"
        },
        "buyer_or_project": {
            "value": "nguyễn thị phương uyên",
            "source_text": "(0) nguyễn thị phương uyên"
        }
    },
    "technical_specs": [],
    "technical_tables": [],
    "technical_drawing": null,
    "financials": {
        "total_payment": {
            "value": 440000,
            "source_text": "Tổng cộng: VND 440,000"
        },
        "currency": {
            "value": "VND",
            "source_text": "VND"
        }
    },
    "items": [
        {
            "name": {
                "value": "bánh gạo one one mặn vị phô NT",
                "source_text": "8936096670129 bánh gạo one one mặn vị phô NT"
            },
            "quantity": {
                "value": 1,
                "source_text": null
            },
            "unit": {
                "value": "gói",
                "source_text": "gói"
            },
            "unit_price": {
                "value": 20000,
                "source_text": "20,000"
            },
            "total_money": {
                "value": 20000,
                "source_text": "20,000"
            },
            "specs_ref": {
                "value": null,
                "source_text": null
            }
        },
        {
            "name": {
                "value": "bỉm huggi quần M74 NT",
                "source_text": "29100106000 bỉm huggi quần M74/NT"
            },
            "quantity": {
                "value": 1,
                "source_text": "1"
            },
            "unit": {
                "value": "gói",
                "source_text": "gói"
            },
            "unit_price": {
                "value": 315000,
                "source_text": "315,000"
            },
            "total_money": {
                "value": 315000,
                "source_text": "315,000"
            },
            "specs_ref": {
                "value": null,
                "source_text": null
            }
        },
        {
            "name": {
                "value": "nước giặt omo túi cửa trên NT",
                "source_text": "291000870000 nước giặt omo túi cửa trên NT"
            },
            "quantity": {
                "value": 1,
                "source_text": "1"
            },
            "unit": {
                "value": "TÚI",
                "source_text": "TÚI"
            },
            "unit_price": {
                "value": 105000,
                "source_text": "105,000"
            },
            "total_money": {
                "value": 105000,
                "source_text": "105,000"
            },
            "specs_ref": {
                "value": null,
                "source_text": null
            }
        }
    ],
    "raw_text_all": [
        "MINIMART ANAN",
        "Chợ Súi Phú Thị Gia Làm",
        "Tel:",
        "HÓA ĐƠN BÁN HÀNG",
        "HÒA ĐƠN SƠN QUA THÀNH TIẦN",
        "Tên hàng",
        "20,000",
        "Tâm bảo có tron26 bình qua cho, nhà măn vị phá 17 thời thánh thời thời thời thời thời thờng thời thị thuận thị thuận thị thuận th",
        "20,000",
        "goi",
        "1",
        "315,000",
        "29100106000 bìm huggi quần M74/NT",
        "315,000",
        "goi",
        "1",
        "105,000",
        "291000870000 nước giật cho bà của kên tất",
        "105,000",
        "TUI",
        "1",
        "440,000",
        "3",
        "Tổng số",
        "440,000",
        "Tổng cộng:",
        "VND",
        "Tiến khách trả:",
        "Mã thẻ: A10000000964",
        "44",
        "Mỹ nguyễn thị phương uyên",
        "272",
        "Điêm mua:",
        "Điểm hiện thời:",
        "28,720",
        "Hạng hiện thời:",
        "Giá trị thưởng tích lũy:",
        "Số 10.000A822/2008000010 Ngày 191082020201802",
        "Thu ngân: BHS",
        "Xin cám ơn và Họng 200 từ quy khách I"
    ]
}