{
    "document_type": "invoice",
    "general_info": {
        "code": {
            "value": "00046000",
            "source_text": "01:00046000"
        },
        "date": {
            "value": "2020-08-12",
            "source_text": "12/08/2020"
        },
        "seller_or_manufacturer": {
            "value": "Vincommerce",
            "source_text": "Vincommerce"
        },
        "buyer_or_project": null
    },
    "technical_specs": [],
    "technical_tables": [],
    "technical_drawing": null,
    "financials": {
        "total_payment": {
            "value": 22000.0,
            "source_text": "22.000"
        },
        "currency": {
            "value": "VND",
            "source_text": "VND"
        }
    },
    "items": [
        {
            "name": {
                "value": "OKAMURA dung cu cao lưới as-tczp",
                "source_text": "OKAMURA dung cu cao lưới as-tczp"
            },
            "quantity": {
                "value": 1.0,
                "source_text": "5"
            },
            "unit": null,
            "unit_price": {
                "value": 22000.0,
                "source_text": "22.000"
            },
            "total_money": {
                "value": 22000.0,
                "source_text": "22.000"
            },
            "specs_ref": {
                "value": "4983435758400",
                "source_text": "4983435758400"
            }
        }
    ],
    "raw_text_all": [
        "VIA- ONH Tố 8 Khu 38 Cảm Trung",
        "Tổ 8, Khu 38, P. Câm Trung",
        "Vincommerce",
        "TP. Cầm Phá, T, Quảng Ninh",
        "024171066866-49871",
        "HÓA ƠN BẢN HẰNG",
        "Ngày bán:12/08/2020 21/44",
        "01:00046000",
        "QUẤY:001",
        "NVBH:09024527",
        "Mặt hàng",
        "ơn giá",
        "T.Tiến",
        "SL",
        "OKAMURA dung cu cao lưới as-tczp",
        "4983435758400",
        "22.000",
        "22.000",
        "5",
        "TỔNG TIẾN PHẢI T. TOÁN",
        "22.000",
        "TỔNG TIẾN Ả GIẢU",
        "o",
        "TIẾN KHÁCH TRẢ",
        "22.000",
        "TIẾN MẶT",
        "22.000",
        "TIỀN TRẢ LAI",
        "o",
        "(Giá đã bao gồm thuế GTGT)",
        "chỉ xuất hóa đơn trong ngày",
        "Tax invoice will be issued within same day",
        "CẦN ƠN QUÝ KHÁCH VÀ HỆN GẶP LAI",
        "Hotline: 02471066866 website: vinmart.com",
        "000",
        "Samsung Triple Camera",
        "Chụp bằng Galaxy M21"
    ]
}