{
    "document_type": "invoice",
    "general_info": {
        "code": "000AC2212008001594",
        "date": "2020-08-12",
        "seller_or_manufacturer": "MINIMART ANAN",
        "buyer_or_project": "lê thị dung"
    },
    "technical_specs": [],
    "technical_tables": [],
    "technical_drawing": null,
    "financials": {
        "total_payment": 105000,
        "currency": "VND"
    },
    "items": [
        {
            "name": "BVS Libera 8p NT",
            "quantity": 1,
            "unit": "CAI",
            "unit_price": 13000,
            "total_money": 13000,
            "specs_ref": null
        },
        {
            "name": "DX Sunsilk dây NT",
            "quantity": 4,
            "unit": "goi",
            "unit_price": 8000,
            "total_money": 32000,
            "specs_ref": null
        },
        {
            "name": "DG Sunsilk dây NT",
            "quantity": 2,
            "unit": "gor",
            "unit_price": 10000,
            "total_money": 20000,
            "specs_ref": null
        },
        {
            "name": "NRC sunlight chanh túi 1,41 NT",
            "quantity": 1,
            "unit": "goi",
            "unit_price": 10000,
            "total_money": 10000,
            "specs_ref": null
        },
        {
            "name": null,
            "quantity": 1,
            "unit": "GOI",
            "unit_price": 30000,
            "total_money": 30000,
            "specs_ref": null
        }
    ],
    "raw_text_all": [
        "MINIMART ANAN",
        "Chợ Sủi Phú Thị Gia Lâm",
        "el:",
        "HÓA ĐƠN BÁN HÀNG",
        "Đơn giá Thành tiến",
        "Tên hàng sL ĐVT",
        "13,000",
        "13,000",
        "CAI",
        "1",
        "8934755016035 BVS Libera 8p NT",
        "32,000",
        "8,000",
        "goi",
        "4",
        "29100358000 DX Sunsilk dây NT",
        "20,000",
        "10,000",
        "gor",
        "2",
        "29100333000 DG Sunsilk dây NT",
        "10,000",
        "10,000",
        "goi",
        "1",
        "8934868147473 NRC sunlight chanh túi 1,41 NT",
        "30,000",
        "30,000",
        "GOI",
        "1",
        "Tổng số:",
        "9",
        "Tổng cộng:",
        "105,000",
        "Tiến khách trả:",
        "VND",
        "105,000",
        "Mã thẻ: A1000000550",
        "(0) lê thị dung",
        "Điêm mua: A",
        "10",
        "Điểm hiện thời:",
        "127",
        "Hạng hiện thời:",
        "Giá trị thưởng tích lũy:",
        "14,615",
        "Số GD: 000AC2212008001594 Ngày: 12/08/2020-12:10",
        "Thu ngân: BH3",
        "Xin cám ơn và hẹn gặp lại quý khách 1"
    ]
}