{
    "document_type": "invoice",
    "general_info": {
        "code": "000AC2212008001665",
        "date": "12/08/2020",
        "seller_or_manufacturer": "MINIMART ANAN",
        "buyer_or_project": null
    },
    "technical_specs": [],
    "technical_tables": [],
    "technical_drawing": null,
    "financials": {
        "total_payment": 116000.0,
        "currency": "VND"
    },
    "items": [
        {
            "name": "dg sunsilk 650 NT TH",
            "quantity": 1,
            "unit": "LO",
            "unit_price": 110000.0,
            "total_money": 110000.0,
            "specs_ref": "29100330000"
        },
        {
            "name": "KDR Colgate trẻ em NT",
            "quantity": 1,
            "unit": "hop",
            "unit_price": 6000.0,
            "total_money": 6000.0,
            "specs_ref": "8850006932278"
        }
    ],
    "raw_text_all": [
        "MINIMART ANAN",
        "Chợ Sủi Phú Thị Gia Lâm",
        "Tel:",
        "HÓA ĐƠN BÁN HÀNG",
        "ĐVT Đơn giá Thành tiến",
        "Tên hàng",
        "29100330000 dg sunsilk 650 NT TH",
        "LO",
        "1",
        "110,000",
        "110,000",
        "8850006932278 KDR Colgate trẻ em NT",
        "hop",
        "6,000",
        "1",
        "6,000",
        "Tổng số:",
        "2",
        "Tổng cộng",
        "116,000",
        "Tiền khách trả:",
        "VND",
        "116,000",
        "Số GD: 000AC2212008001665 Ngày: 12/08/2020-13:58",
        "Thu ngân: BH3",
        "Xin cám ơn và hẹn gặp lại quý khách l"
    ]
}