{
    "document_type": "invoice",
    "general_info": {
        "code": "00046091",
        "date": "2020-08-13",
        "seller_or_manufacturer": "Vincommerce",
        "buyer_or_project": null
    },
    "technical_specs": [],
    "technical_tables": [],
    "technical_drawing": null,
    "financials": {
        "total_payment": 199000,
        "currency": "VND"
    },
    "items": [
        {
            "name": "VM HOME DÙ CÁN CONG C2",
            "quantity": 1,
            "unit": null,
            "unit_price": 199000,
            "total_money": 199000,
            "specs_ref": "2050000716775"
        }
    ],
    "raw_text_all": [
        "VIM4 ONH Tố 8 Khu 3B Cầm Trung",
        "Tổ 8, Khu 38, P. Cảm Trung",
        "Vincommerce",
        "TP. Cầm Phải, T. Quảng Ninh",
        "024.71066866- 49871",
        "HÓA ƠN BÁN HẰNG",
        "Ngày bán: 13/08/2020 14:51",
        "1H:00046091",
        "QUẤY:001",
        "NVBH:09024524",
        "Mặt hàng",
        "T.Tiền",
        "SL",
        "đơn giá",
        "VM HOME DÙ CÁN CONG C2",
        "199.000",
        "1",
        "2050000716775",
        "199.000",
        "199.000",
        "TỔNG TIỀN PHẢI T. TOÁN",
        "0",
        "TỔNG TIỀN Ã GIẢM",
        "199.000",
        "TIỀN KHÁCH TRẢ",
        "200.000",
        "TIỀN MẶT",
        "1.000",
        "TIỀN TRẢ LẠI",
        "(Giá đã bao gồm thuế GTGT)",
        "Chỉ xuất hóa đơn trong ngày",
        "Tax invoice will be issued within same day",
        "CÁM ƠN QUÝ KHÁCH VÀ HỆN GẶP LẠI",
        "Hotlice: 02471066866 Website: Vinmart.com",
        "000",
        "Samsung Triple Camera",
        "Chụp bằng Galaxy M21"
    ]
}