{
    "document_type": "invoice",
    "general_info": {
        "code": {
            "value": "SONSSBIT",
            "source_text": "SONSSBIT"
        },
        "date": {
            "value": "2020-08-11",
            "source_text": "Ngay 11-08-2020"
        },
        "seller_or_manufacturer": {
            "value": "CƯA HÀNG NĂM OÁNH",
            "source_text": "CƯA HÀNG NĂM OÁNH"
        },
        "buyer_or_project": null
    },
    "technical_specs": [],
    "technical_tables": [],
    "technical_drawing": null,
    "financials": {
        "total_payment": {
            "value": 19900.0,
            "source_text": "19,900"
        },
        "currency": {
            "value": "VND",
            "source_text": null
        }
    },
    "items": [
        {
            "name": {
                "value": "Mỳ kokomi Tôm chua cay mới 65g",
                "source_text": "Mỳ kokomi Tôm chua cay mới 65g"
            },
            "quantity": {
                "value": 1,
                "source_text": "1"
            },
            "unit": null,
            "unit_price": {
                "value": 2300.0,
                "source_text": "2,300"
            },
            "total_money": {
                "value": 2300.0,
                "source_text": "2,300"
            },
            "specs_ref": null
        },
        {
            "name": {
                "value": "Mỹ 3 micn Tôm chua cay 75g",
                "source_text": "Mỹ 3 micn Tôm chua cay 75g"
            },
            "quantity": {
                "value": 2,
                "source_text": "2"
            },
            "unit": null,
            "unit_price": {
                "value": 3200.0,
                "source_text": "3,200"
            },
            "total_money": {
                "value": 6400.0,
                "source_text": "6,400"
            },
            "specs_ref": null
        },
        {
            "name": {
                "value": "Mỹ cung đình SH",
                "source_text": "Mỹ cung đình SH"
            },
            "quantity": {
                "value": 2,
                "source_text": "2"
            },
            "unit": null,
            "unit_price": {
                "value": 5600.0,
                "source_text": "5,600"
            },
            "total_money": {
                "value": 11200.0,
                "source_text": "11,200"
            },
            "specs_ref": null
        }
    ],
    "raw_text_all": [
        "CƯA HÀNG NĂM OÁNH",
        "0869322496-02438765210",
        "HÓA ĐƠN BÁN HÀNG",
        "SỐ SONSSBIT",
        "Ngay 11-08-2020",
        "Thành tiền",
        "SL",
        "Đơn giá",
        "Mỳ kokomi Tôm chua cay mới 65g",
        "2,300",
        "2,300",
        "1",
        "Mỹ 3 micn Tôm chua cay 75g",
        "3,200",
        "6,400",
        "2",
        "Mỹ cung đình SH",
        "5,600",
        "11,200",
        "2",
        "19,900",
        "Cộng tiên hàng",
        "Cám ơn quý khách, Hẹn gặp lại;"
    ]
}