{
    "document_type": "invoice",
    "general_info": {
        "code": "000AC2212008001806",
        "date": "2020-08-13",
        "seller_or_manufacturer": "MINIMART ANAN",
        "buyer_or_project": "bùi thị biển"
    },
    "technical_specs": [],
    "technical_tables": [],
    "technical_drawing": {
        "metadata": {
            "title": null,
            "drawing_no": null,
            "revision": null,
            "scale": null,
            "projection": null,
            "size": null,
            "format_rev": null,
            "ges_pn": null,
            "material": null,
            "finish": null,
            "tolerances": {
                "hole_diameter": null,
                "edge": null,
                "universal": null
            },
            "dimensions_unit": null,
            "sheet": null,
            "organization": null,
            "confidentiality": null
        },
        "approvals": {
            "drawn_by": {
                "name": null,
                "date": null
            },
            "engr": {
                "name": null,
                "date": null
            },
            "checked_by": {
                "name": null,
                "date": null
            }
        },
        "notes": [],
        "drawing_dimensions": {
            "hole_features": [],
            "radial_features": [],
            "angular_features": [],
            "linear_dimensions_sample": []
        }
    },
    "financials": {
        "total_payment": 226000,
        "currency": "VND"
    },
    "items": [
        {
            "name": "Sữa bột dielac Grow 2% 900g",
            "quantity": 1,
            "unit": "hop",
            "unit_price": 217000,
            "total_money": 217000,
            "specs_ref": null
        },
        {
            "name": "bánh mì nhokđ",
            "quantity": 2,
            "unit": "CAI",
            "unit_price": 4500,
            "total_money": 9000,
            "specs_ref": null
        }
    ],
    "raw_text_all": [
        "MINIMART ANAN",
        "Chợ Sủi Phú Thị Gia Lâm",
        "Tel:",
        "HÓA ĐƠN BÁN HÀNG",
        "Tên hàng SL ĐVT Đơn giá Thành tiền",
        "8934673196192 Sữa bột dielac Grow 2% 900g NT",
        "217,000",
        "217,000",
        "hop",
        "1",
        "291022440000 bánh mì nhokđ NT",
        "9,000",
        "4,500",
        "CAI",
        "2",
        "Tổng số:",
        "3",
        "226,000",
        "Tổng cộng:",
        "226,000",
        "VND",
        "Tiền khách trả:",
        "Mã thẻ: A10000001256",
        "(0) bùi thị biển",
        "22",
        "Điêm mua:",
        "Điểm hiện thời:",
        "741",
        "Hạng hiện thời:",
        "Giá trị thưởng tích lũy:",
        "30,348",
        "Số GD: 000AC2212008001806 Ngày: 13/08/2020-17:35",
        "Thu ngân: BH3"
    ]
}