{
    "document_type": "receipt",
    "general_info": {
        "code": {
            "value": "0",
            "source_text": "Số HĐ: 0"
        },
        "date": {
            "value": "2019-03-31",
            "source_text": "Ngày: 31.03.2019"
        },
        "seller_or_manufacturer": {
            "value": "THỨC COFFEE",
            "source_text": "THỨC COFFEE"
        },
        "buyer_or_project": null
    },
    "technical_specs": [],
    "technical_tables": [],
    "technical_drawing": null,
    "financials": {
        "total_payment": {
            "value": 35000,
            "source_text": "Tiền Thanh Toán: 35 000"
        },
        "currency": {
            "value": "VND",
            "source_text": null
        }
    },
    "items": [
        {
            "name": {
                "value": "COCONUT",
                "source_text": "COCONUT"
            },
            "quantity": {
                "value": 1.0,
                "source_text": "1,00"
            },
            "unit": null,
            "unit_price": {
                "value": 35000,
                "source_text": "35 000"
            },
            "total_money": {
                "value": 35000,
                "source_text": "35 000"
            },
            "specs_ref": null
        }
    ],
    "raw_text_all": [
        "THỨC COFFEE",
        "22 Quang Trung, P10, Gò Vấp",
        "Tel:028 3588 3591",
        "PHIẾU TẠM TÍNH",
        "0",
        "Số khách:",
        "số - 13",
        "Số",
        "31.03.2019",
        "Ngày:",
        "Số HĐ:",
        "08.52",
        "Giờ ra:",
        "Giờ vào: 08.52",
        "Thu ngân: CAO1",
        "T.Tiềr",
        "Đ.Giá",
        "SL",
        "Tên món",
        "TT",
        "35 000",
        "35 000",
        "1,00",
        "1 COCONUT",
        "35 000",
        "Tiền Thanh Toán:",
        "35 000",
        "0",
        "Khách đưa:",
        "Tiên thừa:",
        "Thank you 8 see you againl",
        "Ký xác nhận",
        "18006230",
        "Passwifi:"
    ]
}