{
    "document_type": "invoice",
    "general_info": {
        "code": {
            "value": "SON553334",
            "source_text": "SON553334"
        },
        "date": {
            "value": "2020-08-11",
            "source_text": "11-08-2020"
        },
        "seller_or_manufacturer": {
            "value": "CỬA HÀNG NĂM OÁNH",
            "source_text": "CỬA HÀNG NĂM OÁNH"
        },
        "buyer_or_project": null
    },
    "technical_specs": [],
    "technical_tables": [],
    "technical_drawing": null,
    "financials": {
        "total_payment": {
            "value": 82000,
            "source_text": "82,000"
        },
        "currency": {
            "value": "VND",
            "source_text": "Cộng tiền hàng"
        }
    },
    "items": [
        {
            "name": {
                "value": "Sữa tươi Mila,80 ml",
                "source_text": "Sữa tươi Mila,80 ml"
            },
            "quantity": {
                "value": 4,
                "source_text": "4"
            },
            "unit": null,
            "unit_price": {
                "value": 6500,
                "source_text": "6,500"
            },
            "total_money": {
                "value": 26000,
                "source_text": "26,000"
            },
            "specs_ref": null
        },
        {
            "name": {
                "value": "Banh mỳ ruốc KĐ 80g",
                "source_text": "Banh mỳ ruốc KĐ 80g"
            },
            "quantity": {
                "value": 3,
                "source_text": "3"
            },
            "unit": null,
            "unit_price": {
                "value": 10000,
                "source_text": "10,000"
            },
            "total_money": {
                "value": 30000,
                "source_text": "30,000"
            },
            "specs_ref": null
        },
        {
            "name": {
                "value": "Lương khô 5% Hải châu 70g",
                "source_text": "Lương khô 5% Hải châu 70g"
            },
            "quantity": {
                "value": 2,
                "source_text": "2"
            },
            "unit": null,
            "unit_price": {
                "value": 5000,
                "source_text": "5,000"
            },
            "total_money": {
                "value": 10000,
                "source_text": "10.000"
            },
            "specs_ref": null
        },
        {
            "name": {
                "value": "Xúc xích CP heo 100g",
                "source_text": "Xúc xích CP heo 100g"
            },
            "quantity": {
                "value": 2,
                "source_text": "2"
            },
            "unit": null,
            "unit_price": {
                "value": 8000,
                "source_text": "8,000"
            },
            "total_money": {
                "value": 16000,
                "source_text": "16,000"
            },
            "specs_ref": null
        }
    ],
    "raw_text_all": [
        "CỬA HÀNG NĂM OÁNH",
        "086932496 - 02438765210",
        "HÓA ĐƠN BÁN HÀNG",
        "SỐ: SON553334",
        "Ngày: 11-08-2020",
        "Thành tiền",
        "SL",
        "Đơn gia",
        "Sữa tươi Mila,80 ml",
        "26,000",
        "6,500",
        "4",
        "Banh mỳ ruốc KĐ 80g",
        "30,000",
        "10,000",
        "3",
        "Lương khô 5% Hải châu 70g",
        "5,000",
        "10.000",
        "2",
        "Xúc xích CP heo 100g",
        "8,000",
        "2",
        "16,000",
        "Cộng tiền hàng",
        "82,000",
        "Cám ơn quý khách, Hẹn gắp lại:"
    ]
}