{
    "document_type": "invoice",
    "general_info": {
        "code": {
            "value": "00032761",
            "source_text": "1H:00032761"
        },
        "date": {
            "value": "2020-08-14",
            "source_text": "14/08/2020"
        },
        "seller_or_manufacturer": {
            "value": "Vincommerce",
            "source_text": "Vincommerce"
        },
        "buyer_or_project": null
    },
    "technical_specs": [],
    "technical_tables": [],
    "technical_drawing": null,
    "financials": {
        "total_payment": {
            "value": 51900.0,
            "source_text": "51.900"
        },
        "currency": {
            "value": "VND",
            "source_text": "(Giá đã bao gồm thuế GTGT)"
        }
    },
    "items": [
        {
            "name": {
                "value": "ùi tỏi gà CP - Khay 500G",
                "source_text": "ùi tỏi gà CP - Khay 500G"
            },
            "quantity": {
                "value": 1.0,
                "source_text": "1"
            },
            "unit": null,
            "unit_price": {
                "value": 51900.0,
                "source_text": "51.900"
            },
            "total_money": {
                "value": 51900.0,
                "source_text": "51.900"
            },
            "specs_ref": {
                "value": "1155151000000",
                "source_text": "1155151000000"
            }
        }
    ],
    "raw_text_all": [
        "VM4 QNH Tỏ 7, Khu Minh Tiến A",
        "Tô 7, Khu Minh Tiến A",
        "Vincommerce",
        "P. Cẩm Bình, TP. Cảm Pha, QNH",
        "02471068386-51561",
        "HÓA ƠN BÁN HẰNG",
        "Ngày bán: 14/08/2020 12:32",
        "1H:00032761",
        "Quấy:001",
        "NVBH:09025438",
        "Mặt hàng",
        "T.Tiền",
        "SL",
        "ơn giá",
        "ùi tỏi gà CP - Khay 500G",
        "51.900",
        "51.900",
        "1155151000000",
        "1",
        "TỔNG TIỀN PHẢI T. TOÁN",
        "51.900",
        "TỔNG TIỀN Ã GIẢM",
        "0",
        "51.900",
        "TIỀN KHÁCH TRẢ",
        "51.900",
        "TIỀN MẶT",
        "TIỀN TRẢ LAI",
        "0",
        "(Giá đã bao gồm thuế GTGT)",
        "Chỉ xuất hóa đơn trong ngày",
        "CÁM ƠN QUÝ KHÁCH VÀ HỆN GẶP LẠI"
    ]
}