{
    "document_type": {
        "value": "invoice",
        "source_text": "HÓA ƠN BÁN HÀNG"
    },
    "general_info": {
        "code": {
            "value": "00048008",
            "source_text": "00048008"
        },
        "date": {
            "value": "2020-08-15",
            "source_text": "15/08/2020"
        },
        "seller_or_manufacturer": {
            "value": "Vincommerce",
            "source_text": "Vincommerce"
        },
        "buyer_or_project": {
            "value": "Dự án quỹ đất đường sắt dọc tuyến ĐS Tổ 3 Khu 2 P. Cảm Sơn, TP. Cảm Phả, T. QN",
            "source_text": "VM? QNH Dự án quỹ đất đường sắt DA QĐ dọc tuyên ĐS Tổ 3 Khu 2 P. Cảm Sơn, TP. Cảm Phả, T. QN"
        }
    },
    "technical_specs": [],
    "technical_tables": [],
    "technical_drawing": null,
    "financials": {
        "total_payment": {
            "value": 131800,
            "source_text": "131.800"
        },
        "currency": {
            "value": "VND",
            "source_text": "(Giá đã bao gồm thuế GTGT)"
        }
    },
    "items": [
        {
            "name": {
                "value": "Táo rockit New Zealand",
                "source_text": "Táo rockit New Zealand"
            },
            "quantity": {
                "value": 1,
                "source_text": "1"
            },
            "unit": {
                "value": null,
                "source_text": null
            },
            "unit_price": {
                "value": 131800,
                "source_text": "131.800"
            },
            "total_money": {
                "value": 131800,
                "source_text": "131.800"
            },
            "specs_ref": {
                "value": "9421903788092",
                "source_text": "9421903788092"
            }
        }
    ],
    "raw_text_all": [
        "VM? QNH Dự án quỹ đất đường sắt",
        "DA QĐ dọc tuyên ĐS Tổ 3 Khu 2",
        "Vincommerce",
        "P. Cảm Sơn, TP. Cảm Phả, T. QN",
        "024.71066866- 53061",
        "HÓA ƠN BÁN HÀNG",
        "Ngày bán: 15/08/2020 11:11",
        "00048008",
        "Quấy:001",
        "NVBH:09026744",
        "Mặt hàng",
        "ơn giá",
        "SL",
        "T.Tiền",
        "Táo rockit New Zealand",
        "9421903788092",
        "131.800",
        "131.800",
        "1",
        "TỔNG TIẾN PHẢI T. TOÁN",
        "131.800",
        "TỔNG TIỀN Ã GIẢM",
        "0",
        "TIỀN KHÁCH TRẢ",
        "131.800",
        "TIÊN MẶT",
        "532.000 6",
        "TIỀN TRẢ LẠI",
        "400.200",
        "(Giá đã bao gồm thuế GTGT)",
        "Chỉ xuất hóa đơn trong ngày",
        "In Tax invoice will be issued within same day",
        "CÁM ƠN GUÝ KHÁCH VÀ HỢN GẶP LẠI",
        "Hotline: 02471066866 Website: Vinmart.com"
    ]
}