{
    "document_type": "invoice",
    "general_info": {
        "code": "SON350929",
        "date": "2020-07-27",
        "seller_or_manufacturer": "Thưng Hà Nội",
        "buyer_or_project": "khách lẻ"
    },
    "technical_specs": null,
    "technical_tables": null,
    "technical_drawing": null,
    "financials": {
        "total_payment": 81000,
        "currency": "VND"
    },
    "items": [
        {
            "name": "PC817 SHARP",
            "quantity": 1,
            "unit": null,
            "unit_price": 2500,
            "total_money": 2500,
            "specs_ref": null
        },
        {
            "name": "Module Cảm Biến Tiệm Cận U12A3- 1",
            "quantity": 1,
            "unit": null,
            "unit_price": 69000,
            "total_money": 69000,
            "specs_ref": null
        },
        {
            "name": "[Xã KHO] Phíp Đồng Đục Lỗ 2 Mặt PCB Xanh Tốt 1.6mm - 7x9mmpcb2mat- 7",
            "quantity": 1,
            "unit": null,
            "unit_price": 9000,
            "total_money": 9000,
            "specs_ref": null
        },
        {
            "name": "Header 2.54mm Đực Thắng - 2 Chân",
            "quantity": 1,
            "unit": null,
            "unit_price": 500,
            "total_money": 500,
            "specs_ref": null
        }
    ],
    "raw_text_all": [
        "Thưng Hà Nội",
        "024.2021.4848",
        "THAM CHIẾU",
        "Số: SON350929",
        "Ngày: 27-07-2020",
        "Nguồn: Pos",
        "Khách hàng: khách lẻ",
        "Sịa chi:",
        "SĐT:",
        "Đơn C. Kháu",
        "Thànt",
        "Mã",
        "SL",
        "Tên hàng hóa đó",
        "tiên",
        "giá",
        "SP",
        "PC817 SHARP",
        "2,500",
        "2,500",
        "1",
        "o",
        "DIP4K4F13-3",
        "Module Cảm Biến",
        "Tiệm Cận U12A3- 1 69,000",
        "0 69,000",
        "4-Z/BXK12B7",
        "[Xã KHO] Phíp",
        "Đông Đục Lỗ 2",
        "Mặt PCB Xanh Tốt",
        "9,000",
        "9,000",
        "0",
        "1.6mm -",
        "7x9mmpcb2mat-",
        "7",
        "Header 2.54mm",
        "Đực Thắng - 2",
        "500",
        "500",
        "0",
        "1",
        "ChânK3H1-1",
        "Cộng tiền hàng:",
        "81,000",
        "Chiết khấu:",
        "0",
        "Khách phải trả:",
        "81,000",
        "phí đổi trà trong 3 ngày"
    ]
}