{
    "document_type": "invoice",
    "general_info": {
        "code": "00180852",
        "date": "2020-08-10",
        "seller_or_manufacturer": "Vincommerce",
        "buyer_or_project": null
    },
    "technical_specs": [],
    "technical_tables": [],
    "technical_drawing": null,
    "financials": {
        "total_payment": 49500,
        "currency": "VND"
    },
    "items": [
        {
            "name": "Chả giò rế con tôm Vissan gói 300g",
            "quantity": 1,
            "unit": null,
            "unit_price": 49500,
            "total_money": 49500,
            "specs_ref": "8934572281623"
        }
    ],
    "raw_text_all": [
        "1981 VM4 QNH 112 Thanh Niên",
        "Sở 112 Thanh Niên, P. Cảm Thành",
        "Vincommerce",
        "TP. Cảm Phả, Quảng Ninh",
        "024.71068866-39671",
        "HÓA ĐƠN BÁN HẰNG",
        "Ngày bán: 10/08/2020 18:19",
        "HD:00180852",
        "Quấy:001",
        "NVBH:09015348",
        "Mặt hàng",
        "Đơn giá",
        "SL",
        "T.Tiến",
        "Chả gio rẽ con tôm Vissan gói 300g",
        "8934572281623",
        "49.500",
        "49.500",
        "i",
        "TĂNG TIẾN PHẢI T.TOÁN",
        "49.500",
        "TỔNG TIẾN ĐÃ GIÁM",
        "0",
        "TIỀN KHÁCH TRẢ",
        "49.500",
        "TIẾN MẶT",
        "49.500",
        "TIẾN TRỄ LẠI",
        "0",
        "(Giá đã bao gồm thuế GTGT)",
        "Chỉ xuất hóa đơn trong ngày",
        "Tax invoice will be issued within same day",
        "CẤM ÓN QUÝ KHÁCH VÀ HỆN GẶP LẠI",
        "Hot line: 02471066866 Website: Vinmart.com"
    ]
}