{
    "document_type": "invoice",
    "general_info": {
        "code": "000AC2212008001880",
        "date": "2020-08-13",
        "seller_or_manufacturer": "MINIMART ANAN",
        "buyer_or_project": null
    },
    "technical_specs": [],
    "technical_tables": [],
    "technical_drawing": null,
    "financials": {
        "total_payment": 128000,
        "currency": "VND"
    },
    "items": [
        {
            "name": "Giấy ăn VN airlines 1kg NT",
            "quantity": 1,
            "unit": "BIT",
            "unit_price": 47000,
            "total_money": 47000,
            "specs_ref": null
        },
        {
            "name": "kem merino chanh muối NT",
            "quantity": 1,
            "unit": "CAI",
            "unit_price": 6000,
            "total_money": 6000,
            "specs_ref": null
        },
        {
            "name": "Sữa chua nha đam 10cg NT",
            "quantity": 4,
            "unit": "HOP",
            "unit_price": 6500,
            "total_money": 26000,
            "specs_ref": null
        },
        {
            "name": "Sữa chua Probi VNM 100g NT",
            "quantity": 4,
            "unit": "CAI",
            "unit_price": 6500,
            "total_money": 26000,
            "specs_ref": null
        },
        {
            "name": "sữa chua vnm 100% NT",
            "quantity": 4,
            "unit": "HOP",
            "unit_price": 5750,
            "total_money": 23000,
            "specs_ref": null
        }
    ],
    "raw_text_all": [
        "MINIMART ANAN",
        "Chợ Sủi Phú Thị Gia Lâm",
        "el:",
        "HÓA ĐƠN BÁN HÀNG",
        "291006180000 Giấy ăn VN airlines 1kg NT",
        "BIT",
        "1",
        "47,000",
        "47,000",
        "291026380000 kem merino chanh muối NT",
        "6,000",
        "CAI",
        "1",
        "6,0co",
        "29100797000 Sữa chua nha đam 10cg NT",
        "Giá đăng ký",
        "7,000",
        "Giá bán",
        "4",
        "HOP",
        "26,000",
        "6,500",
        "291007980000 Sữa chua Probi VNM 100g NT",
        "Giá đăng ký",
        "7,000",
        "Giá bán",
        "CAI",
        "4",
        "26,000",
        "6,500",
        "29102891000 sữa chua vnm 100% NT",
        "Giá đăng ký:",
        "6,000",
        "Giá bán:",
        "HOP",
        "23,000",
        "5,750",
        "4",
        "Tổng số:",
        "14",
        "Tổng cộng",
        "128,000",
        "Tổng tiền",
        "128,000",
        "Tiền khách trả:",
        "VND",
        "128,000",
        "Số GD: 000AC2212008001880 Ngày: 13/08/2020-20:17",
        "Thu ngân: BH3",
        "Xin cám ơn và hen gặp lại quý khách"
    ]
}