{
    "document_type": "invoice",
    "general_info": {
        "code": {
            "value": "11:00032824",
            "source_text": "11:00032824"
        },
        "date": {
            "value": "2020-08-14",
            "source_text": "14/08/2020"
        },
        "seller_or_manufacturer": {
            "value": "Vincommerce",
            "source_text": "Vincommerce"
        },
        "buyer_or_project": null
    },
    "technical_specs": [],
    "technical_tables": [],
    "technical_drawing": null,
    "financials": {
        "total_payment": {
            "value": 48600.0,
            "source_text": "48.600"
        },
        "currency": {
            "value": "VND",
            "source_text": null
        }
    },
    "items": [
        {
            "name": {
                "value": "Sữa TT THTrueMi Ik có đường L4 hộpx110m1",
                "source_text": "Sữa TT THTrueMi Ik có đường L4 hộpx110m1"
            },
            "quantity": {
                "value": 1,
                "source_text": "1"
            },
            "unit": null,
            "unit_price": {
                "value": 21900.0,
                "source_text": "21.900"
            },
            "total_money": {
                "value": 21900.0,
                "source_text": "21.900"
            },
            "specs_ref": {
                "value": "8935217400164",
                "source_text": "8935217400164"
            }
        },
        {
            "name": {
                "value": "NAKKI Bánh gạo nhật p.mai ngô 118g",
                "source_text": "NAKKI Bánh gạo nhật p.mai ngô 118g"
            },
            "quantity": {
                "value": 1,
                "source_text": "1"
            },
            "unit": null,
            "unit_price": {
                "value": 26700.0,
                "source_text": "26.700"
            },
            "total_money": {
                "value": 26700.0,
                "source_text": "26.700"
            },
            "specs_ref": {
                "value": "8936104760316",
                "source_text": "8936104760316"
            }
        }
    ],
    "raw_text_all": [
        "VM% QNH Tỏ 7, Khu Minh Tiến A",
        "Tổ 7, Khu Minh Tiến A",
        "Vincommerce",
        "P. Cấm Bình, TP. Cảm Phà, QNH",
        "02471068668- 51561",
        "HÓA ƠN BÁN HĂNG",
        "Ngày bán: 14/08/2020 18:14",
        "11:00032824",
        "Quấy:001",
        "NVBH:09025438",
        "Mặt hàng",
        "ơn giá",
        "T.Tiền",
        "SL",
        "Sữa TT THTrueMi Ik có đường L4 hộpx110m1",
        "8935217400164",
        "21.900",
        "21.900",
        "1",
        "NAKKI Bánh gạo nhật p.mai ngô 118g",
        "8936104760316",
        "26.700",
        "26.700",
        "1",
        "TỔNG TIỀN PHẢI T. TOÁN",
        "48.600",
        "TỔNG TIỀN Ã GIẢM",
        "0",
        "TIẾN KHÁCH TRẢ",
        "48.600",
        "TIẾN MẶT",
        "100.000",
        "TIẾN TRẢ LAI",
        "51.400",
        "(Giá đã bao gồm thuế GTGT)",
        "Chỉ xuất hóa đơn trong ngày",
        "Tax invoice will be issued within same day",
        "CÁM ỚN QUÝ KHÁCH VÀ Hẹn GẶP LẠI",
        "Hot I ine: 02471066866 website vinnart-com"
    ]
}