{
    "document_type": {
        "value": "receipt",
        "source_text": "HÓA ƠN BÁN HẰNG"
    },
    "general_info": {
        "code": {
            "value": "00133767",
            "source_text": "HĐ:00133767"
        },
        "date": {
            "value": "2020-08-15",
            "source_text": "15/08/2020"
        },
        "seller_or_manufacturer": {
            "value": "Vincommerce",
            "source_text": "Vincommerce"
        },
        "buyer_or_project": null
    },
    "technical_specs": [],
    "technical_tables": [],
    "technical_drawing": null,
    "financials": {
        "total_payment": {
            "value": 211820.0,
            "source_text": "211.820"
        },
        "currency": {
            "value": "VND",
            "source_text": "TIẾN"
        }
    },
    "items": [
        {
            "name": {
                "value": "SƯỜN NON HeO 300g",
                "source_text": "SƯỜN NON HeO 300g"
            },
            "quantity": {
                "value": 1.0,
                "source_text": "1"
            },
            "unit": null,
            "unit_price": {
                "value": 74500.0,
                "source_text": "74.500"
            },
            "total_money": {
                "value": 74500.0,
                "source_text": "74.500"
            },
            "specs_ref": {
                "value": "8935058962036",
                "source_text": "8935058962036"
            }
        },
        {
            "name": {
                "value": "87 tôi ga OP - Khay 500G",
                "source_text": "87 tôi ga OP - Khay 500G"
            },
            "quantity": {
                "value": 1.0,
                "source_text": "1"
            },
            "unit": null,
            "unit_price": {
                "value": 51900.0,
                "source_text": "51.900"
            },
            "total_money": {
                "value": 51900.0,
                "source_text": "51.900"
            },
            "specs_ref": {
                "value": "1155151000016",
                "source_text": "1155151000016"
            }
        },
        {
            "name": {
                "value": "Giờ lụa HNF 3009",
                "source_text": "Giờ lụa HNF 3009"
            },
            "quantity": {
                "value": 1.0,
                "source_text": "1"
            },
            "unit": null,
            "unit_price": {
                "value": 67900.0,
                "source_text": "67.900"
            },
            "total_money": {
                "value": 67900.0,
                "source_text": "67.900"
            },
            "specs_ref": {
                "value": "8938509863326",
                "source_text": "8938509863326"
            }
        },
        {
            "name": {
                "value": "assaso386 1321 thia) 11, vineco",
                "source_text": "assaso386 1321 thia) 11, vineco"
            },
            "quantity": {
                "value": 0.502,
                "source_text": "0,502"
            },
            "unit": {
                "value": "KG",
                "source_text": "KG"
            },
            "unit_price": {
                "value": 34900.0,
                "source_text": "34.900/KG"
            },
            "total_money": {
                "value": 17520.0,
                "source_text": "17.520"
            },
            "specs_ref": {
                "value": "2652359005021",
                "source_text": "2652359005021"
            }
        }
    ],
    "raw_text_all": [
        "VM? anh 600 Trần Phú",
        "Sỏ 590 Trần Phu, P. Càm Thuy",
        "TP. Cảm Phá, Quảng Ninh",
        "Vincommerce",
        "024.71066866-43581",
        "HÓA ƠN BÁN HẰNG",
        "1H:00133767",
        "Ngày bán: 15/08/2020 10:40",
        "NVBH:09020497",
        "Quấy:001",
        "T.Tiến",
        "SL",
        "dn giá",
        "Mặt hàng",
        "- SƯỜN NON HeO 300g",
        "74.500",
        "1",
        "74.500",
        "8935058962036",
        "87 tôi ga OP - Khay 500G",
        "51.900",
        "51.900",
        "1155151000016",
        "Giờ lụa HNF 3009",
        "67.900",
        "1",
        "67.900",
        "8938509863326",
        "assaso386 1321 thia) 11, vineco 34.900/KG",
        "X 0,502 KG",
        "17.520",
        "17.520",
        "1",
        "2652359005021",
        "211.820",
        "TỔNG TIẾN PHẢI T. TOÁN",
        "0",
        "TỔNG TIẾN Ã GIẢM",
        "211.820",
        "TIẾN KHÁCH TRẢ",
        "200.000",
        "TIỀN MẶT",
        "12.000",
        "VinID",
        "180",
        "TIỀN TRẢ LẠI",
        "(của đã bao gồm thuế GTGT)",
        "XXXXXXXXXXXXX7255",
        "ID thể khách hàng",
        "6",
        "TD M TÍCH(1.000VND-1 ĐIỂM)",
        "00435800100133767",
        "Số tham chiếu",
        "chỉ xuất hóa đơn trong ngày",
        "Tax invont xuất hoa assued within same day",
        "CÁM ƠN QUÝ KIÁCH VÀ HỆN GẶP LẠT",
        "Hot Ti Cầm 01/7106660 Mobsite - Vinnart.Con"
    ]
}