{
    "document_type": "invoice",
    "general_info": {
        "code": null,
        "code_source_text": null,
        "date": null,
        "date_source_text": null,
        "seller_or_manufacturer": "MINIMART ANAN Chợ Sủi Phú Thị Gia Làm",
        "seller_or_manufacturer_source_text": "MINIMART ANAN\nChợ Sủi Phú Thị Gia Làm",
        "buyer_or_project": "nguyễn thị thơm",
        "buyer_or_project_source_text": "(0) nguyễn thị thơm"
    },
    "technical_specs": [],
    "technical_tables": [],
    "technical_drawing": null,
    "financials": {
        "total_payment": 421016,
        "total_payment_source_text": "421,016",
        "currency": "VND",
        "currency_source_text": "VND"
    },
    "items": [
        {
            "name": null,
            "name_source_text": null,
            "quantity": 48,
            "quantity_source_text": "48",
            "unit": "HOP",
            "unit_source_text": "HOP",
            "unit_price": 7667,
            "unit_price_source_text": "7,667",
            "total_money": 368016,
            "total_money_source_text": "368,016",
            "specs_ref": "Giá đăng ký: 8,000",
            "specs_ref_source_text": "Giá đăng ký:\n8,000"
        },
        {
            "name": null,
            "name_source_text": null,
            "quantity": 1,
            "quantity_source_text": "1",
            "unit": "HOP",
            "unit_source_text": "HOP",
            "unit_price": 53000,
            "unit_price_source_text": "53,000",
            "total_money": 53000,
            "total_money_source_text": "53,000",
            "specs_ref": null,
            "specs_ref_source_text": null
        }
    ],
    "raw_text_all": [
        "FOUR",
        "MINIMART ANAN",
        "Chợ Sủi Phú Thị Gia Làm",
        "Fel:",
        "HÓA ĐƠN BÁN HÀNG",
        "Tên hàng",
        "Giá đăng ký:",
        "8,000",
        "Giá bán",
        "48",
        "HOP",
        "7,667",
        "368,016",
        "1",
        "HOP",
        "53,000",
        "53,000",
        "Tổng số",
        "49",
        "Tổng cộng:",
        "421,016",
        "Tổng tiền",
        "421,016",
        "Tiến khách trả:",
        "VND",
        "500,000",
        "Tiền trả lại VND:",
        "78,984",
        "Mã thẻ: A10000000372",
        "(0) nguyễn thị thơm",
        "42",
        "Điêm mua:",
        "Điểm hiện thời:",
        "2,733",
        "Hạng hiện thời:",
        "39,195",
        "Giá trị thưởng tích lũy:",
        "Thu ngân: BH3"
    ]
}