{
    "document_type": "receipt",
    "general_info": {
        "code": "000AC2212008001472",
        "date": "2020-08-11",
        "seller_or_manufacturer": "MINIMARTANAN Chợ Sủi Phú Thị Gia Lâm",
        "buyer_or_project": null
    },
    "technical_specs": [],
    "technical_tables": [],
    "technical_drawing": null,
    "financials": {
        "total_payment": 66000,
        "currency": "VND"
    },
    "items": [
        {
            "name": "291020570000GVS watersilk 3 lớp NT",
            "quantity": 1,
            "unit": "GÓI",
            "unit_price": 66000,
            "total_money": 66000,
            "specs_ref": null
        }
    ],
    "raw_text_all": [
        "MINIMARTANAN",
        "Chợ Sủi Phú Thị Gia Lâm",
        "Tel:",
        "HÓA ĐƠN BÁN HÀNG",
        "Đơn giá Thành tiến",
        "SL ĐVT",
        "Tên hàng",
        "291020570000GVS watersilk 3 lớp NT",
        "66,000",
        "66,000",
        "GOI",
        "1",
        "Tổng số:",
        "1",
        "66,000",
        "Tổng cộng:",
        "Tiền khách trả:",
        "100,000",
        "VND",
        "34,000",
        "Tiền trả lại VND:",
        "Số GD: 000AC2212008001472 Ngày: 11/08/2020-17:21",
        "Thu ngân: BH3",
        "Xin cám ơn và hẹn gặp lại quý khách I"
    ]
}