{
    "document_type": "invoice",
    "general_info": {
        "code": "000AB2212008004236",
        "date": "2020-08-17",
        "seller_or_manufacturer": "MINIMART ANAN Chợ Súi Phi Thị Gia Lam",
        "buyer_or_project": "Đặng Thị Thu Hương"
    },
    "technical_specs": [],
    "technical_tables": [],
    "technical_drawing": null,
    "financials": {
        "total_payment": 475000,
        "currency": "VND"
    },
    "items": [
        {
            "name": "Ml omachi tôm 79g NT",
            "quantity": 5,
            "unit": "gói",
            "unit_price": 6000,
            "total_money": 30000,
            "specs_ref": null
        },
        {
            "name": "bánh cosy túi 576g NT",
            "quantity": 1,
            "unit": "gói",
            "unit_price": 47000,
            "total_money": 47000,
            "specs_ref": null
        },
        {
            "name": "tương ớt chinau chai 500g N0",
            "quantity": 1,
            "unit": "chai",
            "unit_price": 20000,
            "total_money": 20000,
            "specs_ref": null
        },
        {
            "name": "Tương ớt chinsu 250g NT",
            "quantity": 1,
            "unit": "chai",
            "unit_price": 12000,
            "total_money": 12000,
            "specs_ref": null
        },
        {
            "name": "sốt mayonnaise aj mayo NT",
            "quantity": 1,
            "unit": "túi",
            "unit_price": 30000,
            "total_money": 30000,
            "specs_ref": null
        },
        {
            "name": "Sửa chua Probi VNM 100g NT",
            "quantity": 48,
            "unit": "cai",
            "unit_price": 7000,
            "total_money": 336000,
            "specs_ref": "Giá đăng ký: 312,000"
        }
    ],
    "raw_text_all": [
        "MINIMART ANAN",
        "Chợ Súi Phi Thị Gia Lam",
        "Ten",
        "HÓA ĐƠN BÁN HÀNG",
        "29100561000 Ml omachi tôm 79g NT",
        "30,000",
        "6,000",
        "gi",
        "go1",
        "24,000",
        "got",
        "24,000",
        "1",
        "8934680113885 bánh cosy túi 576g NT",
        "47,000",
        "47,000",
        "goi",
        "1",
        "8936136161150 tương ớt chinau chai 500g N0",
        "20,000",
        "20,000",
        "cha",
        "1",
        "29100916000 Tương ớt chinsu 250g NT",
        "12,000",
        "12,000",
        "CHA",
        "1",
        "29101562000 sốt mayonnaise aj mayo NT",
        "30,000",
        "30,000",
        "TUI",
        "1",
        "8934673604826 Sửa chua Probi VNM 100g NT",
        "7,000",
        "Giá đăng ký:",
        "312,000",
        "6,500",
        "cai",
        "48",
        "Giá bán:",
        "Tổng số:",
        "58",
        "475,000",
        "Tổng cộng",
        "475,000",
        "Tổng tiền:",
        "500,000",
        "VND",
        "Tiến khách trả",
        "25,000",
        "Tiền trả lại VND:",
        "Mà thẻ: A10000000033",
        "(0) Đặng Thị Thu Hương",
        "47",
        "Điêm mua:",
        "2,734",
        "Điểm hiện thời:",
        "Hạng hiện thời",
        "33,243",
        "Giá trị thưởng tích lũy:",
        "Số GD: 000AB2212008004236 Ngày: 17/08/2020-17:28",
        "Thu ngân: BH2",
        "và hồng pháp truy khách"
    ]
}