{
    "document_type": "invoice",
    "general_info": {
        "code": "000AC2212008001308",
        "date": "2020-08-10",
        "seller_or_manufacturer": "MINIMART ANAN Và Chợ Sủi Phú Thị Gia Làm Đại",
        "buyer_or_project": null
    },
    "technical_specs": [],
    "technical_tables": [],
    "technical_drawing": null,
    "financials": {
        "total_payment": 169000.0,
        "currency": "VND"
    },
    "items": [
        {
            "name": "sửa chua vnm 100% NT",
            "quantity": 8,
            "unit": "HOP",
            "unit_price": 5750.0,
            "total_money": 46000.0,
            "specs_ref": "Barcode: 8934673616829, Đơn giá hiển thị: 6000"
        },
        {
            "name": "Sửa chua đường VNM 100g NT",
            "quantity": 8,
            "unit": "HOP",
            "unit_price": 5250.0,
            "total_money": 42000.0,
            "specs_ref": "Barcode: 8934673606820, Đơn giá hiển thị: 6000"
        },
        {
            "name": "Sửa chua VNM ko đường NT",
            "quantity": 1,
            "unit": "HOP",
            "unit_price": 6000.0,
            "total_money": 6000.0,
            "specs_ref": "Barcode: 8934673605823"
        },
        {
            "name": "Sửa chua susu VNM NT",
            "quantity": 12,
            "unit": "HOP",
            "unit_price": 6250.0,
            "total_money": 75000.0,
            "specs_ref": "Barcode: 8934673606813, Đơn giá hiển thị: 7000"
        }
    ],
    "raw_text_all": [
        "MINIMART ANAN",
        "Và Chợ Sủi Phú Thị Gia Làm Đại",
        "Tel:",
        "HÓA ĐƠN BÁN HÀNG",
        "Tên hàng SL ĐVT Đơn giá Thành tiến",
        "8934673616829 sửa chua vnm 100% NT",
        "6,000",
        "Giá đăng ký:",
        "5,750",
        "HOP",
        "46,000",
        "Giá bán",
        "8",
        "8934673606820 Sửa chua đường VNM 100g NT",
        "6,000",
        "Giá đăng ký:",
        "5,250",
        "Giá bán:",
        "42,000",
        "HOP",
        "8",
        "8934673605823 Sửa chua VNM ko đường NT",
        "6,000",
        "6,000",
        "HOP",
        "1",
        "8934673606813 Sửa chua susu VNM NT",
        "7,000",
        "Giá đăng ký:",
        "6,250",
        "75,000",
        "Giá bán:",
        "HOP",
        "12",
        "Tổng số:",
        "29",
        "169,000",
        "Tổng cộng:",
        "169,000",
        "Tổng tiền:",
        "169,000",
        "VND",
        "Tiền khách trả:",
        "Số GD: 000AC2212008001308 Ngày: 10/08/2020-17.40",
        "Thu ngân: BH3",
        "Xin cám an và hẹn gặp lại quý khách I"
    ]
}