{
    "document_type": {
        "value": "receipt",
        "source_text": "HÓA ĐƠN BÁN HÀNG"
    },
    "general_info": {
        "code": {
            "value": "000AC2212008002148",
            "source_text": "000AC2212008002148"
        },
        "date": {
            "value": "2020-08-15",
            "source_text": "15/08/2020"
        },
        "seller_or_manufacturer": {
            "value": "WITTER MINIMARTANAN Chợ Sủi Phú Thị Gia Lâm",
            "source_text": "WITTER MINIMARTANAN Chợ Sủi Phú Thị Gia Lâm"
        },
        "buyer_or_project": {
            "value": "nguyễn thị chiên",
            "source_text": "nguyễn thị chiên"
        }
    },
    "technical_specs": [],
    "technical_tables": [],
    "technical_drawing": {
        "metadata": {
            "title": null,
            "drawing_no": null,
            "revision": null,
            "scale": null,
            "projection": null,
            "size": null,
            "format_rev": null,
            "ges_pn": null,
            "material": null,
            "finish": null,
            "tolerances": {
                "hole_diameter": null,
                "edge": null,
                "universal": null
            },
            "dimensions_unit": null,
            "sheet": null,
            "organization": null,
            "confidentiality": null
        },
        "approvals": {
            "drawn_by": {
                "name": null,
                "date": null
            },
            "engr": {
                "name": null,
                "date": null
            },
            "checked_by": {
                "name": null,
                "date": null
            }
        },
        "notes": [],
        "drawing_dimensions": {
            "hole_features": [],
            "radial_features": [],
            "angular_features": [],
            "linear_dimensions_sample": []
        }
    },
    "financials": {
        "total_payment": {
            "value": 76000,
            "source_text": "76,000"
        },
        "currency": {
            "value": "VND",
            "source_text": "VND"
        }
    },
    "items": [
        {
            "name": {
                "value": "Nước tẩy toilet Gift 700ml NT",
                "source_text": "Nước tẩy toilet Gift 700ml NT"
            },
            "quantity": {
                "value": 1,
                "source_text": "1"
            },
            "unit": {
                "value": "hop",
                "source_text": "hop"
            },
            "unit_price": {
                "value": 30000,
                "source_text": "30,000"
            },
            "total_money": {
                "value": 30000,
                "source_text": "30,000"
            },
            "specs_ref": null
        },
        {
            "name": null,
            "quantity": {
                "value": 2,
                "source_text": "2"
            },
            "unit": {
                "value": "GOI",
                "source_text": "GOI"
            },
            "unit_price": {
                "value": 23000,
                "source_text": "23,000"
            },
            "total_money": {
                "value": 46000,
                "source_text": "46,000"
            },
            "specs_ref": null
        }
    ],
    "raw_text_all": [
        "WITTER",
        "MINIMARTANAN",
        "Chợ Sủi Phú Thị Gia Lâm",
        "Tel:",
        "HÓA ĐƠN BÁN HÀNG",
        "hop",
        "1",
        "30,000",
        "30,000",
        "8936013252117 Nước tẩy toilet Gift 700ml NT",
        "46,000",
        "2",
        "GOI",
        "23,000",
        "Tổng số:",
        "3",
        "Tổng cộng 1",
        "76,000",
        "E",
        "Tiền khách trả:",
        "VND",
        "100,000",
        "24,000",
        "Tiền trả lại VND:",
        "Mã thẻ: A10000000423",
        "(0) nguyễn thị chiên",
        "7",
        "Điêm mua:",
        "2,456",
        "Điểm hiện thời:",
        "Hạng hiện thời:",
        "20,032",
        "Giá trị thưởng tích lũy:",
        "Số GD: 000AC2212008002148 Ngày: 15/08/2020-19:07",
        "Thu ngân: BH3"
    ]
}