{
    "document_type": "invoice",
    "general_info": {
        "code": "00197593",
        "date": "2020-08-14",
        "seller_or_manufacturer": "Vincommerce",
        "buyer_or_project": null
    },
    "technical_specs": [],
    "technical_tables": [],
    "technical_drawing": null,
    "financials": {
        "total_payment": 184500.0,
        "currency": "VND"
    },
    "items": [
        {
            "name": "cả phê tan cao cấp Family Tchibo lọ 200g",
            "quantity": 1,
            "unit": null,
            "unit_price": 184500.0,
            "total_money": 184500.0,
            "specs_ref": null
        }
    ],
    "raw_text_all": [
        "VM Phạm Ngọc Thạch",
        "TTTM Vincom Số 2 Phạm Ngọc Thạch",
        "Vincommerce",
        "P Trung Tự, Q Đóng Đa, TP Hà Nội",
        "024.71066866-15890",
        "HÓA ĐƠN BÁN HÀNG",
        "HĐ:00197593",
        "Ngày bán: 14/08/2020 15:33",
        "NVBH:09017432",
        "Quấy:011",
        "T.Tiền",
        "SL",
        "Đơn giá",
        "cả phê tan cao cấp Family Tchibo lọ 200g",
        "184.500",
        "184.500",
        "1",
        "4046234767315",
        "184.500",
        "TỔNG TIỀN PHẢI T. TOÁN",
        "0",
        "TỔNG TIỀN ĐÃ GIẢM",
        "184.500",
        "TIỀN KHÁCH TRẢ",
        "200.000",
        "TIÊN MẶT",
        "15.500",
        "TIỀN TRẢ LẠI",
        "(Giá đã bao gồm thuế GTGT)",
        "ID thẻ khách hàng",
        "XXXXXXXXXXXXXX6414",
        "6",
        "Điểm tích(1.000VND-1 điểm)",
        "00158901100197593",
        "số tham chiếu",
        "và chỉ xuất hóa đơn trong ngày",
        "Tax invoice will be issued within same day",
        "CÁM ƠN QUÝ KHÁCH VÀ HỢN GẶP LẠI",
        "Hotline: 02471066866 website: vinmart.com"
    ]
}