{
    "document_type": "invoice",
    "general_info": {
        "code": {
            "value": "000AC2212008001715",
            "source_text": "000AC2212008001715"
        },
        "date": {
            "value": "2020-08-12",
            "source_text": "12/08/2020"
        },
        "seller_or_manufacturer": {
            "value": "MINIMART ANAN",
            "source_text": "MINIMART ANAN"
        },
        "buyer_or_project": null
    },
    "technical_specs": [],
    "technical_tables": [],
    "technical_drawing": null,
    "financials": {
        "total_payment": {
            "value": 95000,
            "source_text": "95,000"
        },
        "currency": {
            "value": "VND",
            "source_text": "VND"
        }
    },
    "items": [
        {
            "name": {
                "value": "Bột giặt omo đỏ 400g",
                "source_text": "Bột giặt omo đỏ 400g"
            },
            "quantity": {
                "value": 1,
                "source_text": "1"
            },
            "unit": {
                "value": "GOI",
                "source_text": "GOI"
            },
            "unit_price": {
                "value": 16000,
                "source_text": "16,000"
            },
            "total_money": {
                "value": 16000,
                "source_text": "16,000"
            },
            "specs_ref": null
        },
        {
            "name": {
                "value": "dầu simply 400ml",
                "source_text": "dầu simply 400ml"
            },
            "quantity": {
                "value": 1,
                "source_text": "1"
            },
            "unit": {
                "value": "lo",
                "source_text": "lo"
            },
            "unit_price": {
                "value": 18000,
                "source_text": "18,000"
            },
            "total_money": {
                "value": 18000,
                "source_text": "18,000"
            },
            "specs_ref": null
        },
        {
            "name": {
                "value": "bánh que oishi akiko160g",
                "source_text": "bánh que oishi akiko160g"
            },
            "quantity": {
                "value": 1,
                "source_text": "1"
            },
            "unit": {
                "value": "goi",
                "source_text": "goi"
            },
            "unit_price": {
                "value": 16000,
                "source_text": "16,000"
            },
            "total_money": {
                "value": 16000,
                "source_text": "16,000"
            },
            "specs_ref": null
        },
        {
            "name": {
                "value": "Bánh Chocopie orion 12p",
                "source_text": "Bánh Chocopie orion 12p"
            },
            "quantity": {
                "value": 1,
                "source_text": "1"
            },
            "unit": {
                "value": "HOP",
                "source_text": "HOP"
            },
            "unit_price": {
                "value": 45000,
                "source_text": "45,000"
            },
            "total_money": {
                "value": 45000,
                "source_text": "45,000"
            },
            "specs_ref": null
        }
    ],
    "raw_text_all": [
        "MINIMART ANAN",
        "Chợ Sủi Phú Thị Gia Lâm",
        "1294 Tel:",
        "HÓA ĐƠN BÁN HÀNG",
        "Tên hàng",
        "SL ĐVT",
        "Đơn giá Thành tiến",
        "T",
        "8934868132509 Bột giặt omo đỏ 400g NT",
        "16,000",
        "16,000",
        "GOI",
        "1",
        "8934988020014 dầu simply 400ml NT",
        "18,000",
        "18,000",
        "lo",
        "1",
        "8934803028409 bánh que oishi akiko160g No",
        "16,000",
        "16,000",
        "goi",
        "1",
        "8936036020380 Bánh Chocopie orion 12p NT",
        "45,000",
        "45,000",
        "HOP",
        "1",
        "Tổng số:",
        "4",
        "95,000",
        "Tổng cộng:",
        "95,000",
        "VND",
        "Tiền khách trả:",
        "Số GD: 000AC2212008001715 Ngày: 12/08/2020-16:15",
        "Thu ngân: BH3",
        "Xin cám ơn và hẹn gặp lại quý khách I"
    ]
}