{
    "document_type": "receipt",
    "general_info": {
        "code": null,
        "date": null,
        "seller_or_manufacturer": "MINIMART AN AN, Chợ Sủi Phú Thị Gia Lâm",
        "buyer_or_project": null
    },
    "technical_specs": [],
    "technical_tables": [],
    "technical_drawing": null,
    "financials": {
        "total_payment": 24000,
        "currency": "VND"
    },
    "items": [
        {
            "name": "lăn gervenne 25ml",
            "quantity": 1,
            "unit": "CHA",
            "unit_price": 24000,
            "total_money": 24000,
            "specs_ref": "8935212806862 No"
        }
    ],
    "raw_text_all": [
        "MINIMARTANAN",
        "Chợ Sủi Phú Thị Gia Lâm",
        "Tel:",
        "HÓA ĐƠN BÁN HÀNG",
        "Đơn giá Thành tiến",
        "Tên hàng",
        "SL ĐVT",
        "8935212806862 lăn gervenne 25ml No",
        "24,000",
        "24,000",
        "CHA",
        "1",
        "Tổng số:",
        "1",
        "24,000",
        "Tổng cộng:",
        "24,000",
        "VND",
        "Tiền khách trả:",
        "Thu ngân: BH3"
    ]
}