{
    "document_type": "receipt",
    "general_info": {
        "code": "B130820004 - INDOCHINA-PC",
        "date": "2020-08-13",
        "seller_or_manufacturer": "THE BLUES INDOCHINA PLAZA",
        "buyer_or_project": null
    },
    "technical_specs": [],
    "technical_tables": [],
    "technical_drawing": null,
    "financials": {
        "total_payment": 299000.0,
        "currency": "VNĐ"
    },
    "items": [
        {
            "name": "893491202519 QN1-JP1L16-026",
            "quantity": 1,
            "unit": null,
            "unit_price": 299000.0,
            "total_money": 299000.0,
            "specs_ref": null
        }
    ],
    "raw_text_all": [
        "THE BLUES",
        "Cửa hàng: INDOCHINA PLAZA",
        "Địa chi: TANG 2, INDOCHINA PLAZA,HANOI",
        "PHIẾU BÁN Lẻ",
        "MSP:B130820004 - INDOCHINA-PC",
        "Ngày:13/08/20-07:03",
        "1 893491202519 QN1-JP1L16-026",
        "299,000",
        "1",
        "299,000 VNĐ",
        "Tống số tiền:",
        "299,000 VNĐ",
        "Giám giá:",
        "0%",
        "O VNĐ",
        "Còn lại:",
        "299,000 VNĐ",
        "Thanh toán bằng tiền mặt",
        "Vui lòng giữ lại phiếu sau khi thanh toán và khi đổi hang",
        "Hàng mua rồi được đổi lại trong vòng 1 tuần",
        "(Không áp dụng cho hàng SALE OFF)"
    ]
}