{
    "document_type": "invoice",
    "general_info": {
        "code": "00182247",
        "date": "2020-08-15",
        "seller_or_manufacturer": "Vincommerce - Số 112 Thanh Niên, P. Cảm Thành, TP. Cảm Phá, Quảng Ninh",
        "buyer_or_project": null
    },
    "technical_specs": [],
    "technical_tables": [],
    "technical_drawing": null,
    "financials": {
        "total_payment": 425336.0,
        "currency": "VND"
    },
    "items": [
        {
            "name": "Kiwi Vàng 4 trái/hộp New Zea land",
            "quantity": 1.0,
            "unit": "hộp",
            "unit_price": 113400.0,
            "total_money": 113400.0,
            "specs_ref": "1153401000014"
        },
        {
            "name": "Bắp cải trái tim",
            "quantity": 0.952,
            "unit": "KG",
            "unit_price": 43000.0,
            "total_money": 40936.0,
            "specs_ref": "2655370009528"
        },
        {
            "name": "CP.Thit vai heo 300g",
            "quantity": 1.0,
            "unit": "gói",
            "unit_price": 45500.0,
            "total_money": 45500.0,
            "specs_ref": "8935058962012"
        },
        {
            "name": "CP. sươn non heo 300g",
            "quantity": 1.0,
            "unit": "gói",
            "unit_price": 74500.0,
            "total_money": 74500.0,
            "specs_ref": "8935058962036"
        },
        {
            "name": "Gà muối Thu Hằng gói 500g",
            "quantity": 1.0,
            "unit": "gói",
            "unit_price": 151000.0,
            "total_money": 151000.0,
            "specs_ref": "8938508668212"
        }
    ],
    "raw_text_all": [
        "VM% QNH 112 Thanh Niên",
        "Số 112 Thanh Niên, P. Cảm Thành",
        "Vincommerce",
        "TP. Cảm Phá, Guảng Ninh",
        "024.71066866-39671",
        "HÓA ĐƠN BÁN HÀNG",
        "HĐ:00182247",
        "Ngày bán: 15/08/2020 11:28",
        "NVBH:09015347",
        "Quầy:001",
        "T.Tiền",
        "Đơn giá",
        "SL",
        "Mặt hàng",
        "Kiwi Vàng 4 trái/hop New Zea land",
        "113.400",
        "113.400",
        "1",
        "1153401000014",
        "Bắp cải trai tim 43.000/KG x 0,952 KG",
        "40.936",
        "1",
        "40.936",
        "2655370009528",
        "CP.Thit vai heo 300g",
        "45.500",
        "1",
        "45.500",
        "8935058962012",
        "CP. sươn non heo 300g",
        "74.500",
        "1",
        "74.500",
        "8935058962036",
        "Gã muối Thu Hằng gói 500g",
        "151.000",
        "151.000",
        "1",
        "8938508668212",
        "425.336",
        "TỐNG TIẾN PHẢI T.TOÁN",
        "o",
        "TỔNG TIẾN ĐÃ GIẢM",
        "425.336",
        "TIỀN KHÁCH TRẢ",
        "525.000",
        "TIỀN MẶT",
        "99.664",
        "TIẾN TRẢ LAI",
        "(Giá đã bao gồm thuế GTGT)",
        "ID thẻ khách hàng",
        "VÀ XXXXXXXXXXXXXXXXXXXX3597",
        "13",
        "Điểm tích(1.000VND-1 điểm)",
        "00396700100182247",
        "số tham chiếu",
        "Chỉ xuất hóa đơn trong ngày",
        "Tax invoice will be issued within same day",
        "CÁM ƠN QUÝ KHÁCH VÀ HỢN GẶP LẠI",
        "Hotline: 02471066866 Website: Vinmart.com"
    ]
}