{
    "document_type": "invoice",
    "general_info": {
        "code": "BL200807.00072",
        "date": "2020-08-07",
        "seller_or_manufacturer": "SIÊU THỊ MINH LOAN",
        "buyer_or_project": "Khách lê"
    },
    "technical_specs": [],
    "technical_tables": [],
    "technical_drawing": null,
    "financials": {
        "total_payment": 61000,
        "currency": "VND"
    },
    "items": [
        {
            "name": "Kem Tra Sua Tran Chai HUNG LINH",
            "quantity": 1,
            "unit": "Cái",
            "unit_price": 6000,
            "total_money": 6000,
            "specs_ref": null
        },
        {
            "name": "Kem Sua Chua.35",
            "quantity": 1,
            "unit": "Cái",
            "unit_price": 6000,
            "total_money": 6000,
            "specs_ref": null
        },
        {
            "name": "Kem trang tien 35 vr sua dua",
            "quantity": 2,
            "unit": "Chiếc",
            "unit_price": 5000,
            "total_money": 10000,
            "specs_ref": null
        },
        {
            "name": "Dua Dua Non Coco XIM 330ml",
            "quantity": 3,
            "unit": "Hộp",
            "unit_price": 13000,
            "total_money": 39000,
            "specs_ref": null
        }
    ],
    "raw_text_all": [
        "SIÊU THỊ MINH LOAN",
        "ĐT.09033975",
        "HÓA ĐƠN BÁN LỄ",
        "Khách hàng:",
        "Khách lê",
        "Ngày:",
        "07/08/2020 20:1633",
        "Nhân viên",
        "Thanh Tâm",
        "Số hóa đơn:",
        "BL200807.00072",
        "ittien",
        "Đơn giá",
        "Tên hàng SL",
        "KM",
        "Kem Tra Sua Tran Chai HUNG LINH",
        "6.000",
        "6,000",
        "1 Cái",
        "0",
        "Kem Sua Chua.35",
        "6,000",
        "1 Cái",
        "6,000",
        "0",
        "Kem trang tien 35 vr sua dua",
        "10,000",
        "5,000",
        "0",
        "2 Chiếc",
        "Dua Dua Non Coco XIM 330ml",
        "39,000",
        "3 Hộp",
        "13,000",
        "0",
        "7",
        "Tổng số lượng:",
        "61,000",
        "Tổng tiên hàng:",
        "Tổng tiền (VND):",
        "61,000",
        "61,000",
        "Khách hàng trả:",
        "Cám ơn quý khach]"
    ]
}