{
    "document_type": "invoice",
    "general_info": {
        "code": null,
        "date": null,
        "seller_or_manufacturer": "MINIMART ANAN Chợ Súi Phú Thị Gia Lâm",
        "buyer_or_project": "cao thị nhung"
    },
    "technical_specs": [],
    "technical_tables": [],
    "technical_drawing": null,
    "financials": {
        "total_payment": 112000,
        "currency": "VND"
    },
    "items": [
        {
            "name": "BVS Diana dày cánh NT",
            "quantity": 2,
            "unit": "CAI",
            "unit_price": 16000,
            "total_money": 32000,
            "specs_ref": null
        },
        {
            "name": "BVS diana mỏng cánh NT",
            "quantity": 2,
            "unit": "goi",
            "unit_price": 17000,
            "total_money": 34000,
            "specs_ref": null
        },
        {
            "name": "sữa đậu nành goldsoy 200ml NT",
            "quantity": 10,
            "unit": "goi",
            "unit_price": 3300,
            "total_money": 33000,
            "specs_ref": null
        },
        {
            "name": "Sữa túi fino không đường VN NT",
            "quantity": 2,
            "unit": "goi",
            "unit_price": 6500,
            "total_money": 13000,
            "specs_ref": null
        }
    ],
    "raw_text_all": [
        "N",
        "MINIMART ANAN",
        "Chợ Súi Phú Thị Gia Lâm",
        "IT",
        "Tel:",
        "HÓA ĐƠN BẢN HÀNG",
        "Ten hạng SL ĐVT Đơn giá Thành tiên",
        "8934755010026 BVS Diana dày cánh NT",
        "32,000",
        "16,000",
        "CAI",
        "2",
        "8934755010156 BVS diana mỏng cánh NT",
        "34,000",
        "17,000",
        "2",
        "goi",
        "NE",
        "8934673703369 sửa đậu nành goldsoy 200ml NT",
        "3,500",
        "Giá đăng ký:",
        "3,300",
        "33,000",
        "10",
        "Giá bán",
        "goi",
        "8934673501354 Sửa tui fino không đường VN NT",
        "13,000",
        "6,500",
        "goi",
        "2",
        "Tổng số:",
        "16",
        "EN",
        "Tổng cộng",
        "112,000",
        "Tổng tiến:",
        "112,000",
        "112,000",
        "VND",
        "Tiền khách trả:",
        "Mã thẻ: A10000000359",
        "(0) cao thị nhung",
        "Điêm mua:",
        "11",
        "Điểm hiện thời:",
        "2,642",
        "Hạng hiện thời:",
        "29,657",
        "Giá trị thưởng tích lũy",
        "FG",
        "Thu ngân: BH5",
        "Xin cám ơn và hẹn gặp lại quý khách I"
    ]
}