{
    "document_type": "invoice",
    "general_info": {
        "code": "SONSS151",
        "date": "2020-08-10",
        "seller_or_manufacturer": "CỬA HÀNG NĂM OÁNH",
        "buyer_or_project": null
    },
    "technical_specs": [],
    "technical_tables": [],
    "technical_drawing": null,
    "financials": {
        "total_payment": 63000,
        "currency": "VND"
    },
    "items": [
        {
            "name": "Trà Sửa Thái Ba Vì 350ml",
            "quantity": 1,
            "unit": null,
            "unit_price": 9000,
            "total_money": 9000,
            "specs_ref": null
        },
        {
            "name": "SC Star 100g",
            "quantity": 12,
            "unit": null,
            "unit_price": 4500,
            "total_money": 54000,
            "specs_ref": null
        }
    ],
    "raw_text_all": [
        "CỬA HÀNG NĂM OÁNH",
        "0869322496-02438765210",
        "HÓA ĐƠN BÁN HÀNG",
        "Số: SONSS151",
        "Ngày: 10-08-2020",
        "SL",
        "Đơn gia",
        "Thành tiền",
        "Trà Sửa Thái Ba Vì 350ml",
        "9,000",
        "1",
        "9,000",
        "SC Star 100g",
        "12",
        "4,500",
        "54,000",
        "Cộng tiến hàng",
        "63,000",
        "Cám an quý khách, Hẹn gặp lạil",
        "mumming",
        "jummin"
    ]
}