{
    "document_type": "invoice",
    "general_info": {
        "code": {
            "value": "TA981100387202",
            "source_text": "Số HĐ: TA981100387202"
        },
        "date": {
            "value": "2020-11-08",
            "source_text": "08.11.2020"
        },
        "seller_or_manufacturer": {
            "value": "the coffee house",
            "source_text": "the coffee house"
        },
        "buyer_or_project": {
            "value": "hương thu thị Nguyễn",
            "source_text": "Khách hàng: hương thu thị Nguyễn"
        }
    },
    "technical_specs": [],
    "technical_tables": [],
    "technical_drawing": {
        "metadata": {
            "title": null,
            "drawing_no": null,
            "revision": null,
            "scale": null,
            "projection": null,
            "size": null,
            "format_rev": null,
            "ges_pn": null,
            "material": null,
            "finish": null,
            "tolerances": {
                "hole_diameter": null,
                "edge": null,
                "universal": null
            },
            "dimensions_unit": null,
            "sheet": null,
            "organization": null,
            "confidentiality": null
        },
        "approvals": {
            "drawn_by": {
                "name": null,
                "date": null
            },
            "engr": {
                "name": null,
                "date": null
            },
            "checked_by": {
                "name": null,
                "date": null
            }
        },
        "notes": [],
        "drawing_dimensions": {
            "hole_features": [],
            "radial_features": [],
            "angular_features": [],
            "linear_dimensions_sample": []
        }
    },
    "financials": {
        "total_payment": {
            "value": 45000,
            "source_text": "45000"
        },
        "currency": {
            "value": "VND",
            "source_text": "VND"
        }
    },
    "items": [
        {
            "name": {
                "value": "Bạc Xỉu (Vừa)",
                "source_text": "Bạc Xỉu (Vừa)"
            },
            "quantity": {
                "value": 2,
                "source_text": "2"
            },
            "unit": null,
            "unit_price": {
                "value": 35000,
                "source_text": "35 000"
            },
            "total_money": {
                "value": 70000,
                "source_text": "70 000"
            },
            "specs_ref": null
        },
        {
            "name": {
                "value": "Phí vận chuyển",
                "source_text": "Phí vận chuyển"
            },
            "quantity": {
                "value": 1,
                "source_text": "1"
            },
            "unit": null,
            "unit_price": {
                "value": 10000,
                "source_text": "10 000"
            },
            "total_money": {
                "value": 10000,
                "source_text": "10 000"
            },
            "specs_ref": null
        }
    ],
    "raw_text_all": [
        "the coffee house",
        "403 Phan Huy Ich, P.14, Q.Gò Vấp",
        "958",
        "Số:",
        "Thời gian:08.11.2020 09.44 Số HĐ: TA981100387202",
        "0",
        "Thu ngân: cash1",
        "Khách hàng: hương thu thị Nguyễn",
        "DELI: hương thu thị nguyễn",
        "T.Tiền",
        "Đ.Giá",
        "SL",
        "Tên món",
        "TT",
        "70 000",
        "35 000",
        "2",
        "1 Bạc Xỉu (Vừa)",
        "10 000",
        "10 000",
        "1",
        "2 Phí vận chuyển",
        "80.000",
        "Thành tiền:",
        "35 000",
        "t giảm giá:",
        "45000",
        "Thanh Toán:",
        "45000",
        "Tiền khách đưa:",
        "0",
        "Tiền thừa:",
        "45 000",
        "% Tiên mặt VND"
    ]
}