{
    "document_type": "receipt",
    "general_info": {
        "code": {
            "value": "000AC2212008001773",
            "source_text": "000AC2212008001773"
        },
        "date": {
            "value": "2020-08-13",
            "source_text": "13/08/2020-16:41"
        },
        "seller_or_manufacturer": {
            "value": "MINIMART ANAN",
            "source_text": "MINIMART ANAN"
        },
        "buyer_or_project": {
            "value": "ngô thị thật",
            "source_text": "(0) ngô thị thật"
        }
    },
    "technical_specs": [],
    "technical_tables": [],
    "technical_drawing": null,
    "financials": {
        "total_payment": {
            "value": 147000.0,
            "source_text": "147,000"
        },
        "currency": {
            "value": "VND",
            "source_text": "VND"
        }
    },
    "items": [
        {
            "name": {
                "value": "cafe hòa tan g7 hộp 20 gói",
                "source_text": "cafe hòa tan g7 hộp 20 gói NT"
            },
            "quantity": {
                "value": 1,
                "source_text": "1"
            },
            "unit": {
                "value": "hop",
                "source_text": "hop"
            },
            "unit_price": {
                "value": 38000.0,
                "source_text": "38,000"
            },
            "total_money": {
                "value": 38000.0,
                "source_text": "38,000"
            },
            "specs_ref": {
                "value": "NT",
                "source_text": "NT"
            }
        },
        {
            "name": {
                "value": "bánh cosy túi 576g",
                "source_text": "bánh cosy túi 576g NT"
            },
            "quantity": {
                "value": 1,
                "source_text": "1"
            },
            "unit": {
                "value": "GOI",
                "source_text": "GOI"
            },
            "unit_price": {
                "value": 47000.0,
                "source_text": "47,000"
            },
            "total_money": {
                "value": 47000.0,
                "source_text": "47,000"
            },
            "specs_ref": {
                "value": "NT",
                "source_text": "NT"
            }
        },
        {
            "name": {
                "value": "tương ớt chinsu chai 500g",
                "source_text": "tương ớt chinsu chai 500g No"
            },
            "quantity": {
                "value": 1,
                "source_text": "1"
            },
            "unit": {
                "value": "CHA",
                "source_text": "CHA"
            },
            "unit_price": {
                "value": 20000.0,
                "source_text": "20,000"
            },
            "total_money": {
                "value": 20000.0,
                "source_text": "20,000"
            },
            "specs_ref": {
                "value": "No",
                "source_text": "No"
            }
        },
        {
            "name": {
                "value": "Dầu Neptune 1L",
                "source_text": "Dầu Neptune 1L NT"
            },
            "quantity": {
                "value": 1,
                "source_text": "1"
            },
            "unit": {
                "value": "CHA",
                "source_text": "CHA"
            },
            "unit_price": {
                "value": 42000.0,
                "source_text": "42,000"
            },
            "total_money": {
                "value": 42000.0,
                "source_text": "42,000"
            },
            "specs_ref": {
                "value": "NT",
                "source_text": "NT"
            }
        }
    ],
    "raw_text_all": [
        "MINIMART ANAN",
        "Chợ Sủi Phú Thị Gia Lâm",
        "Tel:",
        "HÓA ĐƠN BÁN HÀNG",
        "Đơn giá Thành tiến",
        "SL ĐVT",
        "Tên hàng",
        "8935024123287 cafe hòa tan g7 hộp 20 gói NT",
        "38,000",
        "38,000",
        "hop",
        "1",
        "8934680113885 bánh cosy túi 576g NT",
        "47,000",
        "47,000",
        "GOI",
        "1",
        "89361361611150 tương ớt chinsu chai 500g No",
        "20,000",
        "20,000",
        "CHA",
        "1",
        "8934988010022 Dầu Neptune 1L NT",
        "42,000",
        "42,000",
        "CHA",
        "1",
        "Tổng số:",
        "4",
        "147,000",
        "Tổng cộng",
        "147,000",
        "VND",
        "Tiền khách trả:",
        "Mã thẻ: A10000001772",
        "(0) ngô thị thật",
        "14",
        "Điêm mua:",
        "50",
        "Điểm hiện thời:",
        "Hạng hiện thời:",
        "5,/20",
        "Giá trị thưởng tích lũy:",
        "Số GD: 000AC2212008001773 Ngày: 13/08/2020-16:41",
        "Thu ngân: BH3"
    ]
}