{
    "document_type": "invoice",
    "general_info": {
        "code": "000AC2212008002149",
        "date": "2020-08-18",
        "seller_or_manufacturer": "MINIMART ANAN",
        "buyer_or_project": "Vũ Thị quý"
    },
    "technical_specs": [],
    "technical_tables": [],
    "technical_drawing": null,
    "financials": {
        "total_payment": 238008,
        "currency": "VND"
    },
    "items": [
        {
            "name": "Bia 333 NT",
            "quantity": 24,
            "unit": "LON",
            "unit_price": 9917,
            "total_money": 238008,
            "specs_ref": null
        }
    ],
    "raw_text_all": [
        "MINIMART ANAN",
        "N",
        "Chợ Sủi Phú Thị Gia Lâm",
        "Jel:",
        "HÓA ĐƠN BÁN HÀNG",
        "Tên hàng",
        "SL",
        "Đơn giá Thành tiền",
        "29101207000 Bia 333 NT",
        "Giá đăng ký:",
        "10,500",
        "Giá bán:",
        "24",
        "238,008",
        "LON",
        "9,917",
        "Tổng số",
        "24",
        "Tổng cộng",
        "238,008",
        "Tổng tiền:",
        "238,008",
        "Tiền khách trả:",
        "VND",
        "238,008",
        "Mã thẻ: A1000000065",
        "(0) Vũ Thị quý",
        "23",
        "Điêm mua:",
        "12,1'50",
        "Điểm hiện thời:",
        "Hạng hiện thời:",
        "13,765",
        "Giá trị thưởng tích lũy:",
        "Số GD: 000AC2212008002149 Ngày: 18/08/2020-18:17",
        "Thu ngân: BH3",
        "Xin cám ơn và hẹn gặp lại quý khách I"
    ]
}