{
    "document_type": "receipt",
    "general_info": {
        "code": "000AC2212008001070",
        "date": "2020-08-08",
        "seller_or_manufacturer": "MINIMART ANAN",
        "buyer_or_project": null
    },
    "technical_specs": [],
    "technical_tables": [],
    "technical_drawing": null,
    "financials": {
        "total_payment": 53000,
        "currency": "VND"
    },
    "items": [
        {
            "name": "Tương ớt chinsu 250g",
            "quantity": 2,
            "unit": "CHA",
            "unit_price": 12000,
            "total_money": 24000,
            "specs_ref": null
        },
        {
            "name": "Giấy posy rút",
            "quantity": 1,
            "unit": "GOI",
            "unit_price": 15000,
            "total_money": 15000,
            "specs_ref": null
        },
        {
            "name": "Kem ốc Merino Tiramisu",
            "quantity": 1,
            "unit": "cat",
            "unit_price": 14000,
            "total_money": 14000,
            "specs_ref": null
        }
    ],
    "raw_text_all": [
        "MINIMART ANAN",
        "Chợ Sủi Phú Thị Gia Lâm",
        "Tel:",
        "HÓA ĐƠN BAN HÀNG",
        "Tên hàng SL ĐVT Đơn giá Thành tiên",
        "8936017364113 Tương ớt chinsu 250g NT",
        "CHA",
        "12,000",
        "2",
        "24,000",
        "8936060631149 Giấy posy rút NT",
        "1",
        "15,000",
        "GOI",
        "15,000",
        "8936011771016 Kem ốc Merino Tiramisu NT",
        "cat",
        "1",
        "14,000",
        "14,000",
        "Tổng số",
        "4",
        "Tổng cộng",
        "53,000",
        "Tiền khách trả:",
        "VND",
        "53,000",
        "56 GD:000AC2212008001070 Ngày: 08/08/2020-16.30",
        "Thu ngân: BH3",
        "Xin cám ơn và họn gập lại quý khách I"
    ]
}