{
    "document_type": "invoice",
    "general_info": {
        "code": "SON55643",
        "date": "2020-08-12",
        "seller_or_manufacturer": "CỬA HÀNG NĂM OÁNH",
        "buyer_or_project": null
    },
    "technical_specs": [],
    "technical_tables": [],
    "technical_drawing": {
        "metadata": {
            "title": null,
            "drawing_no": null,
            "revision": null,
            "scale": null,
            "projection": null,
            "size": null,
            "format_rev": null,
            "ges_pn": null,
            "material": null,
            "finish": null,
            "tolerances": {
                "hole_diameter": null,
                "edge": null,
                "universal": null
            },
            "dimensions_unit": null,
            "sheet": null,
            "organization": null,
            "confidentiality": null
        },
        "approvals": {
            "drawn_by": {
                "name": null,
                "date": null
            },
            "engr": {
                "name": null,
                "date": null
            },
            "checked_by": {
                "name": null,
                "date": null
            }
        },
        "notes": [],
        "drawing_dimensions": {
            "hole_features": [],
            "radial_features": [],
            "angular_features": [],
            "linear_dimensions_sample": []
        }
    },
    "financials": {
        "total_payment": 99000,
        "currency": "VND"
    },
    "items": [
        {
            "name": "Mì chinh AJinomoto 1kg",
            "quantity": 1,
            "unit": null,
            "unit_price": 62000,
            "total_money": 62000,
            "specs_ref": "1kg"
        },
        {
            "name": "Hạt nêm Chin su 900g",
            "quantity": 1,
            "unit": null,
            "unit_price": 37000,
            "total_money": 37000,
            "specs_ref": "900g"
        }
    ],
    "raw_text_all": [
        "CỬA HÀNG NĂM OÁNH",
        "0869322496 ? 02438765210",
        "HÓA ĐƠN BÁN HÀNG",
        "Số: SON55643",
        "Ngày: 12-08-2020",
        "SL",
        "Đơn giá",
        "Thành tiền",
        "Mì chinh AJinomoto lkg",
        "1",
        "62,000",
        "62,000",
        "Hạt nêm Chin su 900g",
        "1",
        "37,000",
        "37,000",
        "Cộng tiến hàng",
        "99,000",
        "Cám ơn quý khách, Hẹn gặp lại["
    ]
}