{
    "document_type": "receipt",
    "general_info": {
        "code": "07346",
        "date": "2019-09-23",
        "seller_or_manufacturer": "Co.opFood",
        "buyer_or_project": null
    },
    "technical_specs": [],
    "technical_tables": [],
    "technical_drawing": null,
    "financials": {
        "total_payment": 57000.0,
        "currency": "VND"
    },
    "items": [
        {
            "name": "Keo the Playmore dua hau",
            "quantity": 1,
            "unit": null,
            "unit_price": 29800.0,
            "total_money": 29800.0,
            "specs_ref": null
        },
        {
            "name": "Kem icewaffle socola 150m",
            "quantity": 1,
            "unit": null,
            "unit_price": 27200.0,
            "total_money": 27200.0,
            "specs_ref": null
        }
    ],
    "raw_text_all": [
        "Trung Du an Dau tu xay dung khu nha o H1",
        "tai Khu do thi moi Van Phu,",
        "P. Phu La, Q. Ha Dong, Tp Ha Noi",
        "Email: cfthekparkecoopfood.vn",
        "Website: ww.saigonco-op.com.vn",
        "PHIẾU TÍNH TIẾN",
        "Co gia tri xuat Hoa don GTGT trong ngay",
        "Quay: 02",
        "Ngay: 23/09/2019 11:00:11",
        "Nhan vien: Nguyen Viet Hieu So HD: 07346",
        "0693585701649 Keo the Playmore dua hau",
        "VATIOZ 1",
        "29,800.00",
        "29,800.00",
        "08901104170116 Kem icewaffle socola 150m",
        "VATIOZ",
        "27,200.00",
        "27,200.00",
        "Tong so tien thanh toan:",
        "57,000.00",
        "Tong so luong hang:",
        "2",
        "Phuong thuc thanh toan:",
        "Tien mat",
        "57,000.00",
        "Bao gom thue GTGT 107:",
        "5,181.82",
        "THÔNG TIN KHÁCH HÀNG THẦN THIẾT:",
        "Ma so :",
        "Ho ten:",
        "Diem dau ngay:",
        "Diem su dung trong hoa don:",
        "Tran trong cam on Quy Khach da den mua",
        "hang tai Co.opFood, Hen gap lai",
        "M3 HD: EDEUACNUMANMY 11:00 27938",
        "27938"
    ]
}