{
    "document_type": "invoice",
    "document_type_source_text": "HÓA ƠN BẢN HĂNG",
    "general_info": {
        "code": "09025438",
        "code_source_text": "NYBH:09025438",
        "date": "2020-08-12",
        "date_source_text": "12/08/2020",
        "seller_or_manufacturer": "Vincommerce",
        "seller_or_manufacturer_source_text": "VM- Cnh Tô 7, Khu Minh Tiến A\nVincommerce\n167, Khu Minh Tiền A\nP. Cầm Bình, TP. Gầm Pha, ANH\n02471080366-61561",
        "buyer_or_project": null,
        "buyer_or_project_source_text": null
    },
    "technical_specs": [],
    "technical_tables": [],
    "technical_drawing": null,
    "financials": {
        "total_payment": 22000,
        "total_payment_source_text": "22.000",
        "currency": "VND",
        "currency_source_text": null
    },
    "items": [
        {
            "name": "Nước uống bị sữa Pororo chai 235ml",
            "name_source_text": "Nước uống bị sữa Pororo chai 235ml",
            "quantity": 1,
            "quantity_source_text": "1",
            "unit": null,
            "unit_source_text": null,
            "unit_price": 22000,
            "unit_price_source_text": "22.000",
            "total_money": 22000,
            "total_money_source_text": "22.000",
            "specs_ref": null,
            "specs_ref_source_text": null
        }
    ],
    "raw_text_all": [
        "VM- Cnh Tô 7, Khu Minh Tiến A",
        "Vincommerce",
        "167, Khu Minh Tiền A",
        "P. Cầm Bình, TP. Gầm Pha, ANH",
        "02471080366-61561",
        "HÓA ƠN BẢN HĂNG",
        "Ngày bản:12/08/2020",
        "11:00032512",
        "Quấy:001",
        "NYBH:09025438",
        "Mặt hàng",
        "T.Tiến",
        "dn giá",
        "SL",
        "8809296883388",
        "22.000",
        "1",
        "22.000",
        "TỔNG TIẾN PHẢI T.TOÁN",
        "22.000",
        "o",
        "TỔNG TIẾN Ã GIẢM",
        "22.000",
        "TIỀN KHÁCH TRÃ",
        "22.000",
        "TIÊN MẶT",
        "o",
        "TIỀN TRẢ LẠI",
        "(Giá đã bao gồm thuế GTGT)",
        "Chỉ xuất hóa đơn trong ngày",
        "Tax invoice will be issued within same day",
        "CÁM ƠN QUÝ KHÁCH VÀ HỌN GẶP LẠI",
        "Hot line; 0247106686 Webs ite: Vinmart.com",
        "000",
        "Samsung Triple Camera",
        "Chụp băng Galaxy M21"
    ]
}