{
    "document_type": "receipt",
    "general_info": {
        "code": null,
        "date": null,
        "seller_or_manufacturer": {
            "value": "MINIMART ANAN",
            "source_text": "MINIMART ANAN\nChợ Súi Phù Thị Gia Lâm"
        },
        "buyer_or_project": null
    },
    "technical_specs": [],
    "technical_tables": [],
    "technical_drawing": null,
    "financials": {
        "total_payment": {
            "value": 378000,
            "source_text": "378,000"
        },
        "currency": {
            "value": "VND",
            "source_text": "VND"
        }
    },
    "items": [
        {
            "name": {
                "value": "xúc xích cp 8, 10 dài NT",
                "source_text": "29101607000 xúc xích cp 8, 10 dài NT"
            },
            "quantity": {
                "value": 1,
                "source_text": "1"
            },
            "unit": {
                "value": "TÚI",
                "source_text": "TÚI"
            },
            "unit_price": {
                "value": 46000,
                "source_text": "46,000"
            },
            "total_money": {
                "value": 46000,
                "source_text": "46,000"
            },
            "specs_ref": null
        },
        {
            "name": {
                "value": "Bim bim Oishi 48g NT",
                "source_text": "29102130000 Bim bim Oishi 48g NT"
            },
            "quantity": {
                "value": 10,
                "source_text": "10"
            },
            "unit": {
                "value": "GOT",
                "source_text": "GOT"
            },
            "unit_price": {
                "value": 3500,
                "source_text": "3,500"
            },
            "total_money": {
                "value": 35000,
                "source_text": "35,000"
            },
            "specs_ref": null
        },
        {
            "name": {
                "value": "kem ly trà sữa trần châu No",
                "source_text": "291042270000 kem ly trà sữa trần châu No"
            },
            "quantity": {
                "value": 2,
                "source_text": "2"
            },
            "unit": {
                "value": "HỘP",
                "source_text": "HỘP"
            },
            "unit_price": {
                "value": 7000,
                "source_text": "7,000"
            },
            "total_money": {
                "value": 14000,
                "source_text": "14,000"
            },
            "specs_ref": null
        },
        {
            "name": {
                "value": "Kem merino khoai môn NT",
                "source_text": "8936011775526 Kem merino khoai môn NT"
            },
            "quantity": {
                "value": 2,
                "source_text": "2"
            },
            "unit": {
                "value": "CÂY",
                "source_text": "CÂY"
            },
            "unit_price": {
                "value": 9000,
                "source_text": "9,000"
            },
            "total_money": {
                "value": 18000,
                "source_text": "18,000"
            },
            "specs_ref": null
        },
        {
            "name": {
                "value": "Xã comfort trắng túi 800ml NT",
                "source_text": "89'34868133131 Xã comfort trắng túi 800ml NT"
            },
            "quantity": {
                "value": 1,
                "source_text": "1"
            },
            "unit": {
                "value": "túi",
                "source_text": "túi"
            },
            "unit_price": {
                "value": 56000,
                "source_text": "56,000"
            },
            "total_money": {
                "value": 56000,
                "source_text": "56,000"
            },
            "specs_ref": null
        },
        {
            "name": {
                "value": "nước giặt thái D.nee 31 NT",
                "source_text": "29100574000 nước giặt thái D.nee 31 NT"
            },
            "quantity": {
                "value": 1,
                "source_text": "1"
            },
            "unit": {
                "value": "CHA",
                "source_text": "CHA"
            },
            "unit_price": {
                "value": 145000,
                "source_text": "145,000"
            },
            "total_money": {
                "value": 145000,
                "source_text": "145,000"
            },
            "specs_ref": null
        },
        {
            "name": {
                "value": "Sữa chua Mộc Châu 100g NT",
                "source_text": "Trong 291007960000 Sữa chua Mộc Châu 100g NT"
            },
            "quantity": {
                "value": 8,
                "source_text": "8"
            },
            "unit": {
                "value": "HOP",
                "source_text": "HOP"
            },
            "unit_price": {
                "value": 4750,
                "source_text": "4,750"
            },
            "total_money": {
                "value": 38000,
                "source_text": "38,000"
            },
            "specs_ref": null
        }
    ],
    "raw_text_all": [
        "MINIMART ANAN",
        "Chợ Súi Phù Thị Gia Lâm",
        "0",
        "0",
        "Tel:",
        "HÓA ĐƠN BÁN HÀNG",
        "Tên hàng sL ĐVT. Đơn giá Thành tiền",
        "29101607000 xúc xích cp 8, 10 dài NT",
        "46,000",
        "TUI",
        "1",
        "46,000",
        "29102130000 Bim bim Oishi 48g NT",
        "Giá đăng ký:",
        "4,000",
        "35,000",
        "3,500",
        "GOT",
        "Giá bán: 10",
        "291042270000 kem ly trà sữa trần châu No",
        "14,000",
        "7,000",
        "hop",
        "2",
        "8936011775526 Kem merino khoai môn NT",
        "18,000",
        "9,000",
        "CAY",
        "2",
        "7,000",
        "Giá đăng ký: [.]",
        "6,500%, 28,000",
        "hop",
        "89'34868133131 Xã comfort trắng túi 800ml NT",
        "56,000",
        "56,000",
        "tui",
        "1",
        "d",
        "29100574000 nước giặt thái D.nee 31 NT",
        "145,000",
        "145,000",
        "CHA",
        "1",
        "Trong 291007960000 Sữa chua Mộc Châu 100g NT",
        "Giá đăng ký:",
        "5,000",
        "Giá bán:",
        "HOP",
        "4,750",
        "38,000",
        "8",
        "Tổng số",
        "29",
        "Tổng cộng 3",
        "378,000",
        "Tổng tiền:",
        "378,000",
        "Tiền khách trả:",
        "378,000",
        "VND",
        "Thu ngân: BH1",
        "Shaster"
    ]
}