{
    "document_type": "invoice",
    "general_info": {
        "code": {
            "value": "HD130820-0042",
            "source_text": "Số HD130820-0042"
        },
        "date": {
            "value": "2020-08-13",
            "source_text": "13/08/2020"
        },
        "seller_or_manufacturer": {
            "value": "PHÔ MỎ",
            "source_text": "PHÔ MỎ"
        },
        "buyer_or_project": null
    },
    "technical_specs": null,
    "technical_tables": null,
    "technical_drawing": null,
    "financials": {
        "total_payment": {
            "value": 30000,
            "source_text": "30,000"
        },
        "currency": {
            "value": "VND",
            "source_text": "đồng"
        }
    },
    "items": [
        {
            "name": {
                "value": "Trà chanh Up Sz 1",
                "source_text": "Trà chanh Up Sz 1"
            },
            "quantity": {
                "value": 1,
                "source_text": "1"
            },
            "unit": null,
            "unit_price": {
                "value": 20000,
                "source_text": "20,000"
            },
            "total_money": {
                "value": 20000,
                "source_text": "20,000"
            },
            "specs_ref": null
        },
        {
            "name": {
                "value": "Hướng dương",
                "source_text": "Hướng dương"
            },
            "quantity": {
                "value": 1,
                "source_text": "1"
            },
            "unit": null,
            "unit_price": {
                "value": 10000,
                "source_text": "10,000"
            },
            "total_money": {
                "value": 10000,
                "source_text": "10,000"
            },
            "specs_ref": null
        }
    ],
    "raw_text_all": [
        "PHÔ MỎ",
        "Tổ 7 khu tân lập 4 - P. cầm thủy",
        "C",
        "Tp. Cẩm Phà Quảng Ninh",
        "ĐT:0858.931.931",
        "HÓA ĐƠN BÁN HÀNG",
        "Số HD130820-0042 - Bàn B.33[A]",
        "13/08/2020 - 22:06",
        "Khách hàng",
        "SĐT:",
        "Địa chỉ:",
        "Thành tiền",
        "SL",
        "Đơn giá",
        "Trà chanh Up Sz 1",
        "20,000",
        "1",
        "20,000",
        "Hướng dương",
        "10,000",
        "1",
        "10,000",
        "30,000",
        "Cộng tiền hàng:",
        "0",
        "Chiết khấu:",
        "30,000",
        "Tổng cộng:",
        "30,000",
        "Tiền khách đưa",
        "0",
        "Tiền thừa",
        "Ba mươi nghìn đồng chắn",
        "Cảm on và hẹn gặp lạil",
        "Powered by POS365 VN",
        "000",
        "Samsung Triple Camera",
        "Chup bang Galaxy M21"
    ]
}