{
    "document_type": "receipt",
    "general_info": {
        "code": "0450197",
        "date": "2020-08-12",
        "seller_or_manufacturer": "Enter",
        "buyer_or_project": null
    },
    "technical_specs": [],
    "technical_tables": [],
    "technical_drawing": {},
    "financials": {
        "total_payment": 415000,
        "currency": "VND"
    },
    "items": [
        {
            "name": "BÔNG LAN CUỘN MỨT",
            "quantity": 1,
            "unit": null,
            "unit_price": 9000,
            "total_money": 9000,
            "specs_ref": "MM DISC, P000258691 -6.000"
        },
        {
            "name": "KM BU-DONUT*2",
            "quantity": 1,
            "unit": null,
            "unit_price": 12000,
            "total_money": 12000,
            "specs_ref": "MM DISC P000258691-8.000"
        },
        {
            "name": "BÁNH HÀN QUỐC 120G",
            "quantity": 3,
            "unit": null,
            "unit_price": 13000,
            "total_money": 39000,
            "specs_ref": null
        },
        {
            "name": "BÁNH MÌ P. MAI BƠ TỎI",
            "quantity": 1,
            "unit": null,
            "unit_price": 25000,
            "total_money": 25000,
            "specs_ref": null
        }
    ],
    "raw_text_all": [
        "Enter",
        "44274",
        "GIỜ MỞ CỦA: BHỌC VEN",
        "22H00",
        "MÃ HÀNG",
        "Sản Phám",
        "THÀNH TIÊN",
        "ĐƠN GIÁ",
        "SỐ LƯỢNG",
        "000000503488",
        "BÓNG LẦN CUỐN MÚT",
        "9.000",
        "9.000",
        "1",
        "MM DISC, P000258691 -6.000",
        "000000400138",
        "KM BU-DONUT%2",
        "12.000",
        "12.000",
        "1",
        "MM DISC P000258691-8.000",
        "000000401449",
        "BÁNH HÁN QUỐC 120G",
        "39.000",
        "13.000",
        "3",
        "000000400855",
        "BANH MI P. MAI BO TOI",
        "25.000",
        "25.000",
        "1",
        "85.000",
        "SỐ LƯỢNG MẶT HÀNG: 6",
        "PHƯƠNG THỨC THANH TOÁN",
        "500.000",
        ":",
        "TIỀN MÁT",
        "500.000",
        "TỔNG THANH TOÁN",
        "415.000",
        "TIỀN THỜI LẠI",
        "GIÁ TRÊN ĐÃ BAO GỒM THUE GTGT",
        "13 THU NGÂN: HOANG THI LY",
        "QUẤY: 045",
        "MÃ THÁNH VIÊN: 1004116759",
        "ĐIỂM TÍCH LOY(%): 78",
        "18:33 12/08/2020",
        "SỐ GIAO DỊCH: 0450197",
        "PHIẾU CÓ GIÁ TRỊ XUẤT HÓA ĐƠN TRONG NGÀY",
        "VUI LÒNG GIỮ BIÊN LAI ĐỂ ĐỜI, TRẢ HÀNG",
        "CHI TIẾT TẠI DỊCH VỤ KHÁCH HÀNG",
        "CĂM ƠN QUÝ KHÁCH - Hẹn GẶP LẠI.",
        "Vui lòng quét mã QR bên dưới hoặc qua: hoàng",
        "bit.ly/3bLibu3",
        "cho nhu cầu đặt hàng giao tận nơi."
    ]
}