{
    "document_type": "receipt",
    "general_info": {
        "code": {
            "value": "600118",
            "source_text": "SỐ II. ĐÚN: 600118"
        },
        "date": {
            "value": "2020-05-20",
            "source_text": "NGAY: 20/05/2020"
        },
        "seller_or_manufacturer": {
            "value": "VGH_VINNART_4987_UNINH",
            "source_text": "TÊN ĐẠI LÝ: VGH_VINNART_4987_UNINH"
        },
        "buyer_or_project": {
            "value": "THỊ PHƯƠNG THẢO/BÙI",
            "source_text": "TÊN: THỊ PHƯƠNG THẢO/BÙI"
        }
    },
    "technical_specs": null,
    "technical_tables": null,
    "technical_drawing": null,
    "financials": {
        "total_payment": {
            "value": 171500,
            "source_text": "VND171,500"
        },
        "currency": {
            "value": "VND",
            "source_text": "VND171,500"
        }
    },
    "items": [],
    "raw_text_all": [
        "Vietcombank",
        "TÊN ĐRỊ LY:",
        "UGH VINNART.ANT UNINH",
        "ĐỊA CHỈ DÀI LY",
        "Tu 8 khi 36 ý cam trung",
        "can pha quang ninh",
        "Tlp:",
        "NID: 000101460002190",
        "29902564",
        "THỂ: MASTERCARD",
        "NARA-NAM - SHN4-39641C)",
        "TÊN: THỊ PHƯƠNG THAO/BUIL",
        "NGÀY H.HAN:",
        "05/23",
        "TOÁN",
        "1 THANH TẾ",
        "SỐ LÒ:",
        "000740",
        "SỐ II. ĐÚN:",
        "600118",
        "NGAY:",
        "GIÚ:",
        "20/05/2020",
        "20:19:06",
        "SỐ T.C. 601541001677",
        "MÀ CHUÁN CHÍ: 418042",
        "UND171,500",
        "TỔNG CÔNG:",
        "APP: NASTERCARD",
        "AID: A0000000041010",
        "IC : 1C40990287E:36AC1)",
        "CHỦ KỲ: KHÔNG YÊU CÂY",
        "TÔI XÁC NHÀNH THÌNH DỐN THANH TOÁN NAY",
        "LÀ DUNG",
        "KHÔNG HOAN TRẢ",
        "LIÊN DANH CHO KHÁCH NANG",
        "000",
        "Samsung Triple Camera",
        "Chụp băng Galaxy M21"
    ]
}