{
    "document_type": "receipt",
    "general_info": {
        "code": "2N212582002593",
        "date": "2020-08-13",
        "seller_or_manufacturer": "WINNART",
        "buyer_or_project": null
    },
    "technical_specs": null,
    "technical_tables": null,
    "technical_drawing": null,
    "financials": {
        "total_payment": 100000,
        "currency": "VND"
    },
    "items": [
        {
            "name": "GARENA100",
            "quantity": null,
            "unit": null,
            "unit_price": 100000,
            "total_money": 100000,
            "specs_ref": null
        }
    ],
    "raw_text_all": [
        "Payời -",
        "WINNART",
        "TÊN ĐAI LÝ:",
        "TỔ 7 KHU MINH TIẾN A,P.CÁ",
        "ĐỊA CHỈ",
        "1900545478",
        "ĐIỆN THOẠI:",
        "MÃ GD: 2N212582002593",
        "BIÊN NHÂN THANH TOÁN",
        "GARENA100",
        "SẢN PHẨN:",
        "SỐ LƯƠNG:",
        "100.000 Đ",
        "SỐ TIỀN",
        ".0Đ",
        "PHÍ:",
        "TAI QUÁY",
        "THANH TOÀN:",
        "13/08/2020 12:10:14",
        "NGAY",
        "0001",
        "THU NGÂN:",
        "100.000 Đ",
        "TỔNG:",
        "SERIAL: 229432117",
        "Samsung TripleiCamera 2022/08/02",
        "Chụp băng Galaxy M21"
    ]
}