{
    "document_type": "invoice",
    "general_info": {
        "code": "00116272200226369",
        "date": "2020-08-13",
        "seller_or_manufacturer": "Satra Group Satrafoods 2B Đường Bình Lợi Xã Bình Lợi, Phường 13, Quận Bình Thạnh",
        "buyer_or_project": null
    },
    "technical_specs": [],
    "technical_tables": [],
    "technical_drawing": null,
    "financials": {
        "total_payment": 43500.0,
        "currency": "VND"
    },
    "items": [
        {
            "name": "CÁ SABA HẤP SG FOOD KHAY 300G",
            "quantity": 1,
            "unit": null,
            "unit_price": 43500.0,
            "total_money": 43500.0,
            "specs_ref": "08936013233826 VAT: Y"
        }
    ],
    "raw_text_all": [
        "Satra Group",
        "Satrafoods 2B Đường Bình Lợi",
        "Xã Bình Lợi, Phường 13, Quận Bình Thạnh",
        "Hotline:CSKH: 18001191-CH: 0911563131",
        "Mail - dvkh(satra.com.vn",
        "Website: ww.satrafoods.com.vn",
        "HÓA ĐƠN BÁN Lẻ",
        "m-000-?1",
        "13/08/2020",
        "Quảy: 1162T2",
        "18:20",
        "SỐ HĐ",
        "00116272200226369",
        "NV:",
        "vinh.pd",
        "số lượng",
        "Đơn giá",
        "Thành tiền",
        "1 CA SABA HAP SG FOOD KHAY 300G",
        "08936013233826",
        "VAT: Y",
        "10",
        "43.500,00",
        "43.500,00",
        "1",
        "Tổng",
        "143.500.00",
        "Tổng tiền chiết khấu",
        "00,00",
        "Tổng tiền",
        "43.500,00",
        "43.500,00",
        "Tiền khách trả",
        "00,00",
        "Tiền trả lại cho khách",
        "Chi tiết tiền thuế",
        "3.955,00",
        "3.955,00",
        "10,00",
        "Chi tiết thanh toán",
        "The tin dung (moi)",
        "43.500,00",
        "Tên khách hàng:",
        "0,00",
        "Điểm phát sinh:",
        "o",
        "Điểm chưa dùng:",
        "Điểm đã dùng:",
        "0,00",
        "\"Lưu ý: Bill này chỉ có giá trị xuất",
        "hóa đơn GTGT trong ngày\"",
        "Trân trọng cảm ơn quý khách đã mua hàng",
        "tại satrafoods 2B Đường Bình Lợi",
        "Hẹn gặp lại"
    ]
}