{
    "document_type": "invoice",
    "general_info": {
        "code": "00045992",
        "date": "2020-08-12",
        "seller_or_manufacturer": "Vincommerce",
        "buyer_or_project": null
    },
    "technical_specs": [],
    "technical_tables": [],
    "technical_drawing": null,
    "financials": {
        "total_payment": 5000,
        "currency": "VND"
    },
    "items": [
        {
            "name": "Dasani Khoáng 500ml (Nilon)",
            "quantity": 1,
            "unit": null,
            "unit_price": 5000,
            "total_money": 5000,
            "specs_ref": "8935049500506"
        }
    ],
    "raw_text_all": [
        "VM4 QNH Tổ 8 Khu 3B Cầm Trung",
        "Tổ 8, Khu 38, P. Cảm Trung",
        "Vincommerce",
        "TP. Cảm Pha, T. Quảng Hình",
        "024.71066866-49871",
        "HÓA ƠN BÁN HÀNG",
        "Ngày bán:12/08/2020 21:20",
        "1H:00045992",
        "Quây:001",
        "NVBH:09024527",
        "Mặt hàng",
        "ơn giá",
        "T.Tiền",
        "SL",
        "Dasam Khoáng 500ml (Nilon)",
        "8935049500506",
        "5.000",
        "5.000",
        "1",
        "TỔNG TIỀN PHẢI T. TOÁN",
        "5.000",
        "TỔNG TIỀN Ã GIẢM",
        "0",
        "TIỀN KHÁCH TRÃ",
        "5.000",
        "TIẾN MẶT",
        "5.000",
        "TIỀN TRẢ LẠI",
        "0",
        "(Giá đã bao gồm thuế GTGT)",
        "Chỉ xuất hóa đơn trong ngày",
        "CÁM ƠN QUÝ KHÁCH VÀ HỆN GẶP LẠI"
    ]
}