{
    "document_type": "invoice",
    "general_info": {
        "code": {
            "value": "SON55644",
            "source_text": "SON55644"
        },
        "date": {
            "value": "12-02-2020",
            "source_text": "12-02-2020"
        },
        "seller_or_manufacturer": {
            "value": "CỬA HÀNG NĂM OÁNH",
            "source_text": "CỬA HÀNG NĂM OÁNH"
        },
        "buyer_or_project": null
    },
    "technical_specs": [],
    "technical_tables": [],
    "technical_drawing": null,
    "financials": {
        "total_payment": {
            "value": 53000,
            "source_text": "53,000"
        },
        "currency": {
            "value": "VND",
            "source_text": null
        }
    },
    "items": [
        {
            "name": {
                "value": "Phờ bò Đệ Nhất 65g",
                "source_text": "Phờ bò Đệ Nhất 65g"
            },
            "quantity": {
                "value": 10,
                "source_text": "10"
            },
            "unit": null,
            "unit_price": {
                "value": 5300,
                "source_text": "5,300"
            },
            "total_money": {
                "value": 53000,
                "source_text": "53,000"
            },
            "specs_ref": null
        }
    ],
    "raw_text_all": [
        "CỬA HÀNG NĂM OÁNH",
        "0869322490 (72438765210",
        "HÓA ĐƠN BÁN HÀNG",
        "Số: SON55644",
        "Ngày: 12-02-2020",
        "Thành tiền",
        "Đơn giá",
        "SL",
        "Phờ bò Đệ Nhất 65g",
        "53,000",
        "5,300",
        "10",
        "53,000",
        "Cộng tiên hàng",
        "Cám ơn quý khách. Hẹn gặp lại'"
    ]
}