{
    "document_type": "invoice",
    "general_info": {
        "code": {
            "value": "01:00078775",
            "source_text": "01:00078775"
        },
        "date": {
            "value": "2020-08-09",
            "source_text": "Ngày bán:09/08/2020 16:38"
        },
        "seller_or_manufacturer": {
            "value": "Vincommerce",
            "source_text": "Vincommerce"
        },
        "buyer_or_project": null
    },
    "technical_specs": [],
    "technical_tables": [],
    "technical_drawing": null,
    "financials": {
        "total_payment": {
            "value": 32500,
            "source_text": "TỔNG TIỀN PHẢI T. TOÁN 32.500"
        },
        "currency": {
            "value": "VND",
            "source_text": "T.Tiền"
        }
    },
    "items": [
        {
            "name": {
                "value": "Me chua tách vỏ 300g",
                "source_text": "NAHAS DNV Me chua tách vỏ 300g"
            },
            "quantity": {
                "value": 1,
                "source_text": "1"
            },
            "unit": null,
            "unit_price": {
                "value": 32500,
                "source_text": "32.500"
            },
            "total_money": {
                "value": 32500,
                "source_text": "32.500"
            },
            "specs_ref": {
                "value": "8935287300067",
                "source_text": "8935287300067"
            }
        }
    ],
    "raw_text_all": [
        "VM? ONH 86 Trần Phú",
        "1",
        "Số 36 Đường Trần Phú, P. Cầm Tây",
        "TP Cảm Pha, T. Quảng Ninh.",
        "Vincommerce",
        "024.71068268-43331",
        "HÓA ƠN BÁN HẰNG",
        "01:00078775",
        "Ngày bán:09/08/2020 16:38",
        "NVBH:09020169",
        "QUẤY:001",
        "T.Tiền",
        "SL",
        "dn giá",
        "Mặt hàng",
        "Mất - DNV Me chua tách vô 3009",
        "32.500",
        "1",
        "32.500",
        "8935287300067",
        "32.500",
        "TỔNG TIỀN PHẢI T. TOÁN",
        "o",
        "TỔNG TIỀN Ã GIẢM",
        "32.500",
        "TIỀN KHÁCH TRẢ",
        "32.500",
        "TIỀN MẶT",
        "0",
        "TIỀN TRẢ LẠI",
        "(Gia đã bao gồm thuế GTGT)",
        "Chỉ xuất hóa đơn trong ngày",
        "Tax invonte xuat hoe 1ssued within same day",
        "CẢM ƠN QUÝ KHÁCH VÀ HỆN GẶP LẠI",
        "Hot 1 Câm 02471066660 webs ite: vinmart.com",
        "000",
        "Samsung Triple Camera",
        "Chụp bằng Galaxy M21"
    ]
}