{
    "document_type": "receipt",
    "general_info": {
        "code": {
            "value": "000AC221200800 1687",
            "source_text": "Số GD: 000AC221200800 1687"
        },
        "date": {
            "value": "2020-08-12",
            "source_text": "Ngày: 12/08/2020-14.39"
        },
        "seller_or_manufacturer": {
            "value": "MINIMART ANAN",
            "source_text": "MINIMART ANAN"
        },
        "buyer_or_project": null
    },
    "technical_specs": [],
    "technical_tables": [],
    "technical_drawing": {
        "metadata": {
            "title": null,
            "drawing_no": null,
            "revision": null,
            "scale": null,
            "projection": null,
            "size": null,
            "format_rev": null,
            "ges_pn": null,
            "material": null,
            "finish": null,
            "tolerances": {
                "hole_diameter": null,
                "edge": null,
                "universal": null
            },
            "dimensions_unit": null,
            "sheet": null,
            "organization": null,
            "confidentiality": null
        },
        "approvals": {
            "drawn_by": {
                "name": null,
                "date": null
            },
            "engr": {
                "name": null,
                "date": null
            },
            "checked_by": {
                "name": null,
                "date": null
            }
        },
        "notes": [],
        "drawing_dimensions": {
            "hole_features": [],
            "radial_features": [],
            "angular_features": [],
            "linear_dimensions_sample": []
        }
    },
    "financials": {
        "total_payment": {
            "value": 66000,
            "source_text": "66,000"
        },
        "currency": {
            "value": "VND",
            "source_text": "VND"
        }
    },
    "items": [
        {
            "name": {
                "value": "Thạch joy VF hoa quả 800g",
                "source_text": "291009220000 Thạch joy VF hoa quả 800g NT"
            },
            "quantity": {
                "value": 1,
                "source_text": "1"
            },
            "unit": {
                "value": "gói",
                "source_text": "goi"
            },
            "unit_price": {
                "value": 20000,
                "source_text": "20,000"
            },
            "total_money": {
                "value": 20000,
                "source_text": "20,000"
            },
            "specs_ref": null
        },
        {
            "name": {
                "value": "Nước coca 1,5l",
                "source_text": "29100637000 Nước coca 1,51 NT"
            },
            "quantity": {
                "value": 1,
                "source_text": "1"
            },
            "unit": {
                "value": "chai",
                "source_text": "cha"
            },
            "unit_price": {
                "value": 15000,
                "source_text": "15,000"
            },
            "total_money": {
                "value": 15000,
                "source_text": "15,000"
            },
            "specs_ref": null
        },
        {
            "name": {
                "value": "Nước Sprite 1,6l",
                "source_text": "29100657000 Nước Sprite 1,61NT"
            },
            "quantity": {
                "value": 1,
                "source_text": "1"
            },
            "unit": {
                "value": "chai",
                "source_text": "CHA"
            },
            "unit_price": {
                "value": 15000,
                "source_text": "15,000"
            },
            "total_money": {
                "value": 15000,
                "source_text": "15,000"
            },
            "specs_ref": null
        },
        {
            "name": {
                "value": "Bim bim Oishi 20g",
                "source_text": "29100176000 Bim bim Oishi 20g NT"
            },
            "quantity": {
                "value": 10,
                "source_text": "10"
            },
            "unit": {
                "value": "gói",
                "source_text": "GOI"
            },
            "unit_price": {
                "value": 1600,
                "source_text": "1,600"
            },
            "total_money": {
                "value": 16000,
                "source_text": "16,000"
            },
            "specs_ref": null
        }
    ],
    "raw_text_all": [
        "MINIMART ANAN",
        "Chợ Sủi Phú Thị Gia Lâm",
        "Tel:",
        "HÓA ĐƠN BÁN HÀNG",
        "Tên hàng SL ĐVT Đơn giá Thành tiến",
        "291009220000 Thạch joy VF hoa quả 800g NT",
        "20,000",
        "20,000",
        "goi",
        "1",
        "29100637000 Nước coca 1,51 NT",
        "15,000",
        "15,000",
        "cha",
        "1",
        "29100657000 Nước Sprite 1,61NT",
        "15,000",
        "15,000",
        "CHA",
        "1",
        "29100176000 Bim bim Oishi 20g NT",
        "2,000",
        "Giá đăng ký:",
        "16,000",
        "1,600",
        "GOI",
        "10",
        "Giá bán;",
        "Tổng số:",
        "13",
        "66,000",
        "Tổng cộng:",
        "66,000",
        "Tổng tiền",
        "66,1000",
        "VND",
        "Tiến khách trả:",
        "Mã thẻ: A10000000066",
        "(0) Nguyễn Thị thắm",
        "6",
        "Điêm mua:",
        "4,987",
        "Điểm hiện thời:",
        "Hạng hiện thời:",
        "28,465",
        "Giá trị thưởng tích lũy:",
        "Số GD: 000AC221200800 1687 Ngày: 12/08/2020-14.39",
        "Communication",
        "Thu ngân: BH3"
    ]
}