{
    "document_type": "invoice",
    "general_info": {
        "code": "006AC2212008002217",
        "date": "2020-02-19",
        "seller_or_manufacturer": "MINIMART ANAN",
        "buyer_or_project": "nguyễn thị thu thảo"
    },
    "technical_specs": [],
    "technical_tables": [],
    "technical_drawing": null,
    "financials": {
        "total_payment": 281000,
        "currency": "VND"
    },
    "items": [
        {
            "name": "3934673574327 Sửa đàn bò dâu VNM 116m tin",
            "quantity": 20,
            "unit": "hop",
            "unit_price": 4500,
            "total_money": 90000,
            "specs_ref": null
        },
        {
            "name": "8935057100019 kẹo dẻo bắp việt 400g NT",
            "quantity": 1,
            "unit": "GOI",
            "unit_price": 17000,
            "total_money": 17000,
            "specs_ref": null
        },
        {
            "name": "8934673188166 sữa optimun gold 3 HS 400g NT",
            "quantity": 1,
            "unit": "hop",
            "unit_price": 174000,
            "total_money": 174000,
            "specs_ref": null
        }
    ],
    "raw_text_all": [
        "MINIMART ANAN",
        "Chợ Sửi Phú Thị Gia Làm",
        "Tel:",
        "HÓA ĐƠN BÁN HÀNG",
        "Tên hàng",
        "ĐVT Đơn giá Thành tiến",
        "3934673574327 Sửa đàn bò dâu VNM 116m tin",
        "Giá đăng ký:",
        "5,000",
        "Giá bán: 20",
        "hop",
        "4,500",
        "90,000",
        "8935057100019 kẹo dẻo bắp việt 400g NT",
        "1",
        "GOI",
        "17,000",
        "17,000",
        "8934673188166 sữa optimun gold 3 HS 400g NT",
        "174,000",
        "hop",
        "174,000",
        "1",
        "Tổng số:",
        "22",
        "281,000",
        "Tổng cộng",
        "281,000",
        "Tổng tiền :",
        "401,000",
        "VND",
        "Tiên khách trả:",
        "120,000",
        "Tiền trả lại VND:",
        "Mã thẻ: A10000001364",
        "(0) nguyễn thị thu thảo",
        "28",
        "Điêm mua:",
        "178",
        "Điểm hiện thời:",
        "EF",
        "3,021",
        "Hạng hiện thời:",
        "Giá trị thưởng tích lũy:",
        "5 11 TH 006AC2212008002217 Ngày 19902020-7 Sm",
        "Thu ngân: BH3",
        "Xân cám an và hơn quả lại nuy khách I"
    ]
}