{
    "document_type": "receipt",
    "general_info": {
        "code": null,
        "date": "2020-08-14",
        "seller_or_manufacturer": "NHÀ SÁCH GD-TC CẨM PHẢ",
        "buyer_or_project": null
    },
    "technical_specs": null,
    "technical_tables": null,
    "technical_drawing": null,
    "financials": {
        "total_payment": 68000.0,
        "currency": "VND"
    },
    "items": [
        {
            "name": "VBT hóa 9",
            "quantity": 1,
            "unit": null,
            "unit_price": 30000.0,
            "total_money": 30000.0,
            "specs_ref": null
        },
        {
            "name": "Tài liệu ỐT thi Ts",
            "quantity": 1,
            "unit": null,
            "unit_price": 38000.0,
            "total_money": 38000.0,
            "specs_ref": null
        }
    ],
    "raw_text_all": [
        "NHÀ SÁCH GD-TC CẨM PHẢ",
        "Đc: 212 Đường Trấn Phú-Cẩm Phả",
        "- Nhân viên thu ngân:",
        "ĐT 0333363328 - Fax 03338633328",
        "Thời gian:19:23:47 - 14/08/2020",
        "Thành tiến",
        "Tên hàng",
        "Giá",
        "Ck",
        "SL",
        "30.000",
        "30.000",
        "0",
        "1",
        "VBT hóa 9",
        "38.000",
        "38.000",
        "0",
        "1-Tài liệu ỐT thi Ts",
        "1",
        "68.000",
        "Tổng cộng:",
        "2",
        "04",
        "Chiết khấu bán hàng:",
        "68.000d",
        "Tổng số thanh toán:",
        "XIN CẢM ƠN QUÍ KHÁCHI",
        "000",
        "Samsung Triple Camera",
        "Chụp bằng Galaxy M21"
    ]
}