{
    "document_type": "receipt",
    "general_info": {
        "code": "000094",
        "date": "2020-05-20",
        "seller_or_manufacturer": "VGR QUINNANT.ART UNỆNH",
        "buyer_or_project": "PHAM NGỌC THUY"
    },
    "technical_specs": [],
    "technical_tables": [],
    "technical_drawing": null,
    "financials": {
        "total_payment": 75500,
        "currency": "UND"
    },
    "items": [],
    "raw_text_all": [
        "Vietcombank",
        "TÊN ĐAỊ LY:",
        "VGR QUINNANT.ART UNỆNH",
        "ĐỊA CHỈ ĐAI LÝ:",
        "TO 8 KHI 3B P CAM TRUNG",
        "cam pha Quang ninh",
        "TID:",
        "29902561",
        "NID: 000101406092190",
        "THè: DEBIT",
        "NHÂN - KHÁC-NHAU-2243US)",
        "TÊN: PHAM NGỌC THUY",
        "NGÀY H.HẠN:",
        "xu/41",
        "THANH TOÁN",
        "000739",
        "SỐ H. ĐÓN:",
        "000094",
        "SỐ LÓ:",
        "18:45:09",
        "GIÓ:",
        "20/05/2020",
        "NGÀY:",
        "MÀ CHUẨN CHI:",
        "305332",
        "SỐ 1.0.014118001676",
        "UND75,500",
        "TỔNG CŨNG:",
        "CHỦ KỲ: KHÔNG YÊU CẤU",
        "116",
        "TÚI XÁC NHÂN HÓA DÙN THANH TOÀN NÀY",
        "LÀ ĐÙNG",
        "par",
        "KHÔNG HOÀN TRẢ",
        "LIÊN DÀNH CHO ĐẠI LÝ",
        "000",
        "Samsung Triple Camera",
        "Chụp bằng Galaxy M21"
    ]
}