{
    "document_type": {
        "value": "receipt",
        "source_text": "PHIẾU TÍNH TIỀN"
    },
    "general_info": {
        "code": {
            "value": "07414",
            "source_text": "07414"
        },
        "date": {
            "value": "2027-05-21",
            "source_text": "Ngay: 21/05/2027"
        },
        "seller_or_manufacturer": {
            "value": "Co. OPMart HẬU GIANG",
            "source_text": "Co. OPMart HẬU GIANG"
        },
        "buyer_or_project": {
            "value": "ÂU THỊ KIM DUNG",
            "source_text": "(Vang) ÂU THỊ KIM DUNG;"
        }
    },
    "technical_specs": [],
    "technical_tables": [],
    "technical_drawing": {
        "metadata": {
            "title": null,
            "drawing_no": null,
            "revision": null,
            "scale": null,
            "projection": null,
            "size": null,
            "format_rev": null,
            "ges_pn": null,
            "material": null,
            "finish": null,
            "tolerances": {
                "hole_diameter": null,
                "edge": null,
                "universal": null
            },
            "dimensions_unit": null,
            "sheet": null,
            "organization": null,
            "confidentiality": null
        },
        "approvals": {
            "drawn_by": {
                "name": null,
                "date": null
            },
            "engr": {
                "name": null,
                "date": null
            },
            "checked_by": {
                "name": null,
                "date": null
            }
        },
        "notes": [],
        "drawing_dimensions": {
            "hole_features": [],
            "radial_features": [],
            "angular_features": [],
            "linear_dimensions_sample": []
        }
    },
    "financials": {
        "total_payment": {
            "value": 3564200.4,
            "source_text": "3,564,200.40"
        },
        "currency": {
            "value": "VND",
            "source_text": "Tong so tien thanh toan: 3,564,200.40"
        }
    },
    "items": [
        {
            "name": {
                "value": "NG LIX đậm đặc 3,8kg",
                "source_text": "NG LIX đậm đặc 3,8kg"
            },
            "quantity": {
                "value": null,
                "source_text": null
            },
            "unit": {
                "value": "kg",
                "source_text": "3,8kg"
            },
            "unit_price": {
                "value": 35000.0,
                "source_text": "35,000.00"
            },
            "total_money": {
                "value": 89000.0,
                "source_text": "89,000.00"
            },
            "specs_ref": {
                "value": "VATIVAL",
                "source_text": "VATIVAL"
            }
        },
        {
            "name": {
                "value": "KDR CloseUp bạc hà 230g",
                "source_text": "KDR CloseUp bạc hà 230g"
            },
            "quantity": {
                "value": 6,
                "source_text": "219,000.00 / 36,500.00"
            },
            "unit": {
                "value": null,
                "source_text": null
            },
            "unit_price": {
                "value": 36500.0,
                "source_text": "36,500.00"
            },
            "total_money": {
                "value": 219000.0,
                "source_text": "219,000.00"
            },
            "specs_ref": {
                "value": "VATIOX",
                "source_text": "VATIOX"
            }
        },
        {
            "name": {
                "value": "Trứng vịt 6t/hop.Y, food",
                "source_text": "Trứng vịt 6t/hop.Y, food"
            },
            "quantity": {
                "value": 1,
                "source_text": "1"
            },
            "unit": {
                "value": "hop",
                "source_text": "6t/hop"
            },
            "unit_price": {
                "value": 18600.0,
                "source_text": "18,600.00"
            },
            "total_money": {
                "value": 18600.0,
                "source_text": "18,600.00"
            },
            "specs_ref": {
                "value": "VATCH5%",
                "source_text": "VATCH5%"
            }
        },
        {
            "name": {
                "value": "Trứng gà 6t/hop-v.1600",
                "source_text": "Trứng gà 6t/hop-v.1600"
            },
            "quantity": {
                "value": 1,
                "source_text": "15,600.00 / 15,600.00 (inferred)"
            },
            "unit": {
                "value": "hop",
                "source_text": "6t/hop"
            },
            "unit_price": {
                "value": 15600.0,
                "source_text": "15,600.00"
            },
            "total_money": {
                "value": 15600.0,
                "source_text": "15,600.00"
            },
            "specs_ref": {
                "value": "VATCHES",
                "source_text": "VATCHES"
            }
        }
    ],
    "raw_text_all": [
        "Co. OPMart Hau GIANG",
        "Mà so thue: 0305781492",
        "188 Hầu Giang P.000 TPHCM",
        "Đất hàng am ốt 026.39.600.515",
        "Ematheromanicaling",
        "Diễn thoai 200 hàn 028,55.600.254",
        "Hot 1.000.005.9386",
        "Emallis chamsoothermanscopmart.vn",
        "Website wwiscomman",
        "PHIẾU TÍNH",
        "TIEN",
        "Co gia tri xuat Hoa dong",
        "ngay",
        "Quay 01",
        "Ngay: 21/05/2027",
        "11:50:01",
        "Nhan vien: Thuy",
        "07414",
        "089:4569240229 NG LIX dam dac 3,8kg",
        "VATIVAL",
        "35,000.00",
        "89,000.00",
        "0895 4839123246 kor c10seứp bác",
        "VATIOX",
        "36,500.00",
        "219,000.00",
        "Gia goc",
        "39,000.00",
        "VATUS%",
        "0.496",
        "089.6013680026 Trung vit 6t/hop.Y, food",
        "VATCH5%",
        "18,600.00",
        "1",
        "18,600.00",
        "089:6013680019 Trung ga 6t/hop-v.1600",
        "VATCHES",
        "15,600.00",
        "15,600.00",
        "Tong so tien thanh toan:",
        "3,564,200.40",
        "Tong so luong hang:",
        "65",
        "Phuong thuc thanh toan:",
        "Tieri mat",
        "0.40",
        "Giac Hang Chua T. Toan",
        "3,564,200.00",
        "Sơ the",
        "XXXX",
        "So may quet the: 02",
        "67,714.31",
        "Bao gom thue GTGT",
        "194,745.42",
        "Bao gom thue GTGT 10%:",
        "% Ghi chu HHHH HAH HAHAKAKHAHAK",
        "261B ADVUONG P AN LÁC Q BTAN",
        "0",
        "908.64.3938",
        "0308643938",
        "SUBSTRUCTIONALIZED",
        "THÔNG TIN KHÁCH HÀNG THẦN THIẾT: 4 LÝ",
        "21 Th5, 202012:24:09",
        "4605985390",
        "- Vang) Au Thi KIM Dung;",
        "198 Đường Hậu Giang",
        "25",
        "Diem dau ngay;",
        "piem su dung trong hoa don:",
        "Quận 6",
        "0",
        "Te:m",
        "Tem thuong",
        "0",
        "18",
        "Hồ Chí Minh",
        "0",
        "Nhan doi Tem:",
        "Tring so Tem",
        "0",
        "co.op hậu giang"
    ]
}