{
    "document_type": "invoice",
    "general_info": {
        "code": {
            "value": "00177774",
            "source_text": "00177774"
        },
        "date": {
            "value": "2019-03-24",
            "source_text": "24/03/2019"
        },
        "seller_or_manufacturer": {
            "value": "Vincommerce",
            "source_text": "Vincommerce"
        },
        "buyer_or_project": null
    },
    "technical_specs": [],
    "technical_tables": [],
    "technical_drawing": {
        "metadata": null,
        "approvals": null,
        "notes": null,
        "drawing_dimensions": null
    },
    "financials": {
        "total_payment": {
            "value": 28200,
            "source_text": "28.200"
        },
        "currency": {
            "value": "VND",
            "source_text": null
        }
    },
    "items": [
        {
            "name": {
                "value": "Nước GK có gas Pepsi Cola chai 390m1",
                "source_text": "Nước GK có gas Pepsi Cola chai 390m1"
            },
            "quantity": {
                "value": 1,
                "source_text": "1"
            },
            "unit": null,
            "unit_price": {
                "value": 7000,
                "source_text": "7.000"
            },
            "total_money": {
                "value": 7000,
                "source_text": "7.000"
            },
            "specs_ref": null
        },
        {
            "name": {
                "value": "scA vinamilk có đường hộp 100g",
                "source_text": "scA vinamilk có đường hộp 100g"
            },
            "quantity": {
                "value": 4,
                "source_text": "4"
            },
            "unit": null,
            "unit_price": {
                "value": 5400,
                "source_text": "5.400"
            },
            "total_money": {
                "value": 21600,
                "source_text": "21.G00"
            },
            "specs_ref": null
        }
    ],
    "raw_text_all": [
        "VM% HCM 793 Nguyễn Kiệm",
        "R",
        "793 Nguyễn Kiệm, Phường 3,",
        "Vincommerce",
        "E",
        "Quận Gò Vấp, Tp.Hcm",
        "hóa Đơn bán hàng",
        "Ngày bán:24/03/2019 20:09",
        "HD:00177774",
        "quấy:001",
        "NVBH:09010075",
        "Mặt hàng",
        "Đơn giá",
        "SL",
        "T.Tiền",
        "Nước GK có gas Pepsi Cola chai 390m1",
        "X",
        "8934588013133",
        "7.000",
        "7.000",
        "1",
        "scA vinamilk có đường hộp 100g",
        "8934673606820",
        "5.400",
        "Alt",
        "21.G00",
        "4",
        "KM",
        "-400",
        "Alt",
        "TỔNG TIỀN PHẢI T. TOÁN",
        "28.200",
        "TỔNG TIỀN ĐÃ GIẢM",
        "-400",
        "TIỀN KHÁCH TRẢ",
        "28.200",
        "TIẾN MẶT",
        "28.200",
        "TIỀN TRẢ LẠI",
        "0",
        "(Giá đã bao gồm thuế GTGT)",
        "chỉ xuất hóa đơn trong ngày",
        "CÁM DN QUÝ KHÁCH VÀ HỆN GẶP LAI"
    ]
}