{
    "document_type": "invoice",
    "general_info": {
        "code": {
            "value": "00443523",
            "source_text": "00443523"
        },
        "date": {
            "value": "2020-08-03",
            "source_text": "03/08/2020"
        },
        "seller_or_manufacturer": {
            "value": "Vincommerce",
            "source_text": "Vincommerce"
        },
        "buyer_or_project": null
    },
    "technical_specs": [],
    "technical_tables": [],
    "technical_drawing": null,
    "financials": {
        "total_payment": {
            "value": 39700.0,
            "source_text": "39.700"
        },
        "currency": {
            "value": "VND",
            "source_text": null
        }
    },
    "items": [
        {
            "name": {
                "value": "LÂM HÀ CỒN THẠCH KHÔ HÀ NỘI HỘP 125G",
                "source_text": "LÂM HÀ CỒN THẠCH KHÔ HÀ NỘI HỘP 125G"
            },
            "quantity": {
                "value": 1,
                "source_text": "1"
            },
            "unit": null,
            "unit_price": {
                "value": 6700.0,
                "source_text": "6.700"
            },
            "total_money": {
                "value": 6700.0,
                "source_text": "6.700"
            },
            "specs_ref": null
        },
        {
            "name": {
                "value": "Hạt lạc phú hải túi 200g",
                "source_text": "Hạt lạc phú hải túi 200g"
            },
            "quantity": {
                "value": 1,
                "source_text": null
            },
            "unit": null,
            "unit_price": {
                "value": 33000.0,
                "source_text": "33.000"
            },
            "total_money": {
                "value": 33000.0,
                "source_text": "33.000"
            },
            "specs_ref": null
        }
    ],
    "raw_text_all": [
        "VMF 155 Tô Hiệu",
        "165, Tô Hiệu tò 1, P. Dịch Vọng",
        "Vincommerce",
        "Q Câu Giấy, TP. Hà Nội",
        "024.71066868-23741",
        "HÓA ĐƠN BÁN HÀNG",
        "Ngay ban 103/08/2020 111115",
        "IDIO04A3523",
        "Quầytoo1",
        "NYBH1OS005113",
        "Mặt hàng",
        "T.Tiền",
        "SL",
        "Đơn giả",
        "LÀM HÀ CÒN THẠCH KHÔ HÀ NỘI HỘP 125G",
        "6.700",
        "6.700",
        "038936058750012",
        "1",
        "Hạt lạc phú hải túi 200g",
        "33.000",
        "33.000",
        "03938503498470",
        "TỔNG TIÊN PHẢI T. TOÁN",
        "39.700",
        "0",
        "TỔNG TIÊN ĐÃ GIÁM",
        "38.700",
        "TIẾN KHẠCH TRẢ",
        "39,700",
        "TIÊN MẶT",
        "0",
        "TIỀN TRẢ LẠI",
        "(Giá đã bào gồm thué GTGT)",
        "VÀ XXXXXXXXXXXXXX9417",
        "ID thẻ khách hàng",
        "1",
        "Điểm tích (1.000VND-1 điểm)",
        "00237400100443523",
        "só tham chiếu",
        "Chỉ xuất hóa đơn trung ngày",
        "Tax invoice will be issued wi thin same day",
        "CÁM ƠN QUÝ KHÁCH VÀ HỆN GẶP LẠI",
        "Hotlines 02471066366 Hebsiter vinmart.com"
    ]
}