{
    "document_type": "receipt",
    "general_info": {
        "code": {
            "value": "678",
            "source_text": "Số GD treo:678"
        },
        "date": {
            "value": "2020-08-14",
            "source_text": "Ngày:14/08/2020"
        },
        "seller_or_manufacturer": {
            "value": "Vincommerce",
            "source_text": "Vincommerce"
        },
        "buyer_or_project": null
    },
    "technical_specs": [],
    "technical_tables": [],
    "technical_drawing": null,
    "financials": {
        "total_payment": null,
        "currency": null
    },
    "items": [],
    "raw_text_all": [
        "VIH% QNH Tổ 8 Khu 3B Cẩm Trung",
        "Tổ 8, Khu 3B, P. Cầm Trung",
        "Vincommerce",
        "TP. Câm Phả, T. Quảng Ninh",
        "024.71066868-49871",
        "Thời gian:10:13",
        "Ngày:14/08/2020",
        "Giao dịch treo",
        "NVBH:09024524",
        "Quấy:001",
        "Tên NV: 4987CHT",
        "Số GD treo:678",
        "000",
        "111",
        "Samsung Triple Camera"
    ]
}