{
    "document_type": "receipt",
    "general_info": {
        "code": "000635",
        "date": "2000-05-01",
        "seller_or_manufacturer": "VILVINNAT 4%",
        "buyer_or_project": "LÃ THỊ MINH NGỌC"
    },
    "technical_specs": [],
    "technical_tables": [],
    "technical_drawing": null,
    "financials": {
        "total_payment": 61400,
        "currency": "VND"
    },
    "items": [],
    "raw_text_all": [
        "Vietcombank",
        "Tên Mại Lý",
        "VILVINNAT 4%",
        "Địa Chỉ Bình Lự",
        "TỪ NGHỊ SỰ CỦA THUNG",
        "Còn Tinh Quảng Hình",
        "LION",
        "TIP:",
        "MID:00010140002196",
        "6340161",
        "Hề via",
        "TÊN: LÀ THỊ HÌNH NGỌC",
        "wa",
        "NGAY H.HAN",
        "THANH TOÁN",
        "000635",
        "SỐ H. ĐƠN:",
        "SỐ 10:",
        "000100",
        "21:37:16",
        "G10",
        "01/05/2000",
        "NGAY",
        "\"MÃ CHIẾN CHI: \"\"2167\"",
        "00121001966",
        "ví 1.0.",
        "UND61,400",
        "TỔNG CÔNG:",
        "APP: TCB VISA",
        "AID: 1900600031010",
        "10",
        "CHỦ KỲ: HÙNG YÊU CẦU",
        "Tùi Xác Ngăn Hóa Mới Thanh Tran Nay",
        "LA DÙNG",
        "KHỨNG HOÀN TRẢ",
        "LIÊN DÀNH CHỦ NIÁCH NĂNG",
        "000",
        "Samsung Triple Camera",
        "Chụp bằng Galaxy M21"
    ]
}