{
    "document_type": "invoice",
    "general_info": {
        "code": "08280",
        "date": "2019-09-19",
        "seller_or_manufacturer": "Saigon Co.op CO.OP FOOD HN THE K-PARK",
        "buyer_or_project": null
    },
    "technical_specs": [],
    "technical_tables": [],
    "technical_drawing": {
        "metadata": {
            "title": null,
            "drawing_no": null,
            "revision": null,
            "scale": null,
            "projection": null,
            "size": null,
            "format_rev": null,
            "ges_pn": null,
            "material": null,
            "finish": null,
            "tolerances": {
                "hole_diameter": null,
                "edge": null,
                "universal": null
            },
            "dimensions_unit": null,
            "sheet": null,
            "organization": null,
            "confidentiality": null
        },
        "approvals": {
            "drawn_by": {
                "name": null,
                "date": null
            },
            "engr": {
                "name": null,
                "date": null
            },
            "checked_by": {
                "name": null,
                "date": null
            }
        },
        "notes": [],
        "drawing_dimensions": {
            "hole_features": [],
            "radial_features": [],
            "angular_features": [],
            "linear_dimensions_sample": []
        }
    },
    "financials": {
        "total_payment": 36490.0,
        "currency": "VND"
    },
    "items": [
        {
            "name": "Cánh gà Kg-CP",
            "quantity": 0.41,
            "unit": "KG",
            "unit_price": 89000.0,
            "total_money": 36490.0,
            "specs_ref": "VATO57"
        }
    ],
    "raw_text_all": [
        "Saigon Co.op",
        "CO.OP FODU HN THE K-PARK",
        "Ma so thue: 0309129418-115",
        "Tang 1,SH42 - Toa K3, Cong trinh chung cu",
        "ket hop dich vu tren o dat H-CT2 thuoc",
        "Du an Dau tu xay dung Khu nha o Hi Brand",
        "Tai Khu do thi moi Van Phuy",
        "P. Phu La, Q, Ha Dong, Tp Ha Noi",
        "Email: ofthekparkecoopfood.vn",
        "Website: www.saigonco-op.CDA).vn",
        "THI PHIẾU TINH TIÊN",
        "Co gia tri xuat Hoa don GTGT trong ngay",
        "Ngay: 19/09/2019 18:18:30",
        "Quay: 02",
        "Nhan vien: Doan Quang Trung So HD: 08280",
        "00000002953571 Canh ga Kg-CP",
        "VATO57",
        "36,490.00",
        "89,000.00",
        "0.410 KG",
        "36,490.00",
        "Tong so tien thanh toan:",
        "Tong so luong hang:",
        "1",
        "Phuong thuc thanh toan:",
        "50,000.00",
        "Tien mat",
        "Tien thoi lai may",
        "-13,510.00",
        "1,737.62",
        "Bao gom thue GTGT 5%:",
        "THÔNG TIN KHÁCH HÀNG THẦN THIẾT:",
        "Ma so :",
        "Ho ten:",
        "Diem dau ngay:",
        "Diem su dung trong hoa don:",
        "Tran trong cam on Quy Khach da den mua",
        "hang tai Co.opFood, Hen gap lai"
    ]
}