{
    "document_type": "invoice",
    "general_info": {
        "code": {
            "value": "03459",
            "source_text": "So HD: 03459"
        },
        "date": {
            "value": "2019-09-20",
            "source_text": "Ngay: 20/09/2019 13:24:28"
        },
        "seller_or_manufacturer": {
            "value": "Co.op Food HN The K-PARK",
            "source_text": "Co.op Food HN The K-PARK"
        },
        "buyer_or_project": null
    },
    "technical_specs": [],
    "technical_tables": [],
    "technical_drawing": {
        "metadata": {
            "title": null,
            "drawing_no": null,
            "revision": null,
            "scale": null,
            "projection": null,
            "size": null,
            "format_rev": null,
            "ges_pn": null,
            "material": null,
            "finish": null,
            "tolerances": {
                "hole_diameter": null,
                "edge": null,
                "universal": null
            },
            "dimensions_unit": null,
            "sheet": null,
            "organization": null,
            "confidentiality": null
        },
        "approvals": {
            "drawn_by": {
                "name": null,
                "date": null
            },
            "engr": {
                "name": null,
                "date": null
            },
            "checked_by": {
                "name": null,
                "date": null
            }
        },
        "notes": [],
        "drawing_dimensions": {
            "hole_features": [],
            "radial_features": [],
            "angular_features": [],
            "linear_dimensions_sample": []
        }
    },
    "financials": {
        "total_payment": {
            "value": 14000.0,
            "source_text": "Tong so tien thanh toan: 14,000.00"
        },
        "currency": {
            "value": "VND",
            "source_text": "14,000.00"
        }
    },
    "items": [
        {
            "name": {
                "value": "NGK Icetsori beauti pet 3",
                "source_text": "NGK Icetsori beauti pet 3"
            },
            "quantity": {
                "value": 1,
                "source_text": "Tong so luong hang: 1"
            },
            "unit": null,
            "unit_price": {
                "value": 14000.0,
                "source_text": "14,000.00"
            },
            "total_money": {
                "value": 14000.0,
                "source_text": "14,000.00"
            },
            "specs_ref": null
        }
    ],
    "raw_text_all": [
        "Saigon Co.op",
        "Co.op Food HN The K-PARK",
        "Ma so thue: 0309129418-115",
        "Tang 1,SH42 - Toa K3, Cong trinh chung cu",
        "ket hop dich vu tren o dat H-CT2 thuoc",
        "tai khu do thi moi van phu,",
        "P. Phu La, 0, Ha Dong, Tp Ha Noi",
        "Email: ofthekparkecoopfood.vn",
        "Website: www.sa1gonco-op.com.vn",
        "PHIẾU TINH TIÊN",
        "Co gia tri xuat Hoa don GTGT trong ngay",
        "Ngay: 20/09/2019 13:24:28",
        "Quay: 02",
        "Nhan vien: Doan Quang Trung So HD: 03459",
        "08935001282419 NGK Icetsori beauti pet 3",
        "14,000.00",
        "14,000.00",
        "VAT107",
        "14,000.00",
        "Tong so tien thanh toan:",
        "1",
        "Tong so luong hang:",
        "Phuong thuc thanh toan:",
        "14,000.00",
        "Tien mat",
        "1,272.73",
        "Bao gom thue GTGT 10X:",
        "THÔNG TIN KHÁCH HÀNG THẦN THIẾT:",
        "Ma so 1",
        "Ho ten:",
        "Diem dau ngay:",
        "Diem su dung trong hoa don:",
        "Tran trong cam on Quy Khach da den mua",
        "hang tai Co opFood, Hen gap lai",
        "25051",
        "1",
        "Ma HD: EDERACMNJANMY 13:24 25051"
    ]
}