{
    "document_type": "invoice",
    "general_info": {
        "code": {
            "value": "000AB2212008002618",
            "source_text": "Số GD: 000AB2212008002618"
        },
        "date": {
            "value": "2020-08-10",
            "source_text": "Ngày: 10/08/2020-18.27"
        },
        "seller_or_manufacturer": {
            "value": "MINIMART ANAN",
            "source_text": "MINIMART ANAN"
        },
        "buyer_or_project": null
    },
    "technical_specs": [],
    "technical_tables": [],
    "technical_drawing": {
        "metadata": {
            "title": null,
            "drawing_no": null,
            "revision": null,
            "scale": null,
            "projection": null,
            "size": null,
            "format_rev": null,
            "ges_pn": null,
            "material": null,
            "finish": null,
            "tolerances": {
                "hole_diameter": null,
                "edge": null,
                "universal": null
            },
            "dimensions_unit": null,
            "sheet": null,
            "organization": null,
            "confidentiality": null
        },
        "approvals": {
            "drawn_by": {
                "name": null,
                "date": null
            },
            "engr": {
                "name": null,
                "date": null
            },
            "checked_by": {
                "name": null,
                "date": null
            }
        },
        "notes": [],
        "drawing_dimensions": {
            "hole_features": [],
            "radial_features": [],
            "angular_features": [],
            "linear_dimensions_sample": []
        }
    },
    "financials": {
        "total_payment": {
            "value": 96000,
            "source_text": "96,000"
        },
        "currency": {
            "value": "VND",
            "source_text": "VND"
        }
    },
    "items": [
        {
            "name": {
                "value": "xúc xích cp 10c",
                "source_text": "xúc xích cp 10c"
            },
            "quantity": {
                "value": 3,
                "source_text": "Tổng số 3"
            },
            "unit": {
                "value": "TUI",
                "source_text": "TUI"
            },
            "unit_price": {
                "value": 32000,
                "source_text": "32,000"
            },
            "total_money": {
                "value": 96000,
                "source_text": "96,000"
            },
            "specs_ref": {
                "value": "291012390000",
                "source_text": "291012390000"
            }
        }
    ],
    "raw_text_all": [
        "MINIMART ANAN",
        "Chợ Súi Phú Thị Gia Lâm",
        "Tel:",
        "HÓA ĐƠN BÁN HÀNG",
        "Tên hàng SL ĐVT Đơn giá Thành tiền",
        "291012390000 xúc xích cp 10c NT",
        "96,000",
        "32,000",
        "TUI",
        "Tổng số",
        "3",
        "Tổng cộng:",
        "96,000",
        "Tiến khách trả:",
        "96,000",
        "VND",
        "Số GD: 000AB2212008002618 Ngày: 10/08/2020-18.27",
        "Thu ngân: BH4",
        "Xin cám ơn và hẹn gắp lại quý khách 1"
    ]
}