{
    "document_type": "receipt",
    "general_info": {
        "code": "430",
        "date": "2020-08-15",
        "seller_or_manufacturer": "Vincommerce",
        "buyer_or_project": null
    },
    "technical_specs": [],
    "technical_tables": [],
    "technical_drawing": null,
    "financials": {
        "total_payment": null,
        "currency": null
    },
    "items": [],
    "raw_text_all": [
        "VM4 QNH 1060-1062 Trần Phú",
        "",
        "Số 1060-1062 Đường Trần Phú",
        "Vincommerce",
        "TP. Cẩm Phả, Quảng Ninh",
        "02471066366-49301",
        "Ngày:15/08/2020",
        "Thời gian:11:02",
        "Giao dịch treo",
        "Quấy:001",
        "NVBH:09024144",
        "Tên NV:4930POS1",
        "Số GD treo:430",
        "000",
        "Samsung Triple Camera",
        "Chụp bằng Galaxy M21"
    ]
}