{
    "document_type": "receipt",
    "general_info": {
        "code": {
            "value": "001140",
            "source_text": "Số h bơn: 001140"
        },
        "date": {
            "value": null,
            "source_text": "NGÀY 13/00/2600"
        },
        "seller_or_manufacturer": {
            "value": "SƠN HOÀNG LÊ NHI ANH",
            "source_text": "SƠN HOÀNG LÊ NHI ANH"
        },
        "buyer_or_project": {
            "value": "Can Phi Qung Ninh",
            "source_text": "Can Phi Qung Ninh"
        }
    },
    "technical_specs": [],
    "technical_tables": [],
    "technical_drawing": null,
    "financials": {
        "total_payment": {
            "value": 229869.0,
            "source_text": "UND229,869"
        },
        "currency": {
            "value": "VND",
            "source_text": "UND"
        }
    },
    "items": [],
    "raw_text_all": [
        "Vietcombank",
        "E",
        "Bên mị lự:",
        "VER VINHANT.1967. HÌNH",
        "gia chỉ mi trị.",
        "TỪ 6 KHI 38 P CM TRUNG",
        "Can Phi Qung Ninh",
        "0300000099",
        "11",
        "ZIWESA",
        "10:000140062190",
        "THỂ VISA",
        "-0932(C)",
        "SƠN HOÀNG LÊ NHI ANH",
        "NGÀY HÌ NAM:",
        "06/23",
        "5",
        "THANH TOÁN",
        "Số 10:",
        "Số h bơn:",
        "001140",
        "60018%",
        "NGÀY",
        "13/00/2600",
        "G10;",
        "19:12:31",
        "50 TC. 00.221002546",
        "NÀ CHUÁN CHI:",
        "342320",
        "TỔNG CỘNG:",
        "UND229,869",
        "AFP. VISA",
        "101D: 10000000631010",
        "CONVENTIVATES",
        "Ễhủ kỳ: không yêu cầu",
        "I",
        "TÙI XÁC NHÂN HÀN BƠN THANH TOAN NGÀY",
        "2",
        "LÀ ĐƯNG",
        "KHÚNG HOÀN TRẢ",
        "LIÊN KINH CHO NÉCH HÀNG",
        "000",
        "Samsung Triple Camera"
    ]
}