{
    "document_type": "invoice",
    "general_info": {
        "code": "00181262",
        "date": "2020-08-12",
        "seller_or_manufacturer": "Vincommerce",
        "buyer_or_project": null
    },
    "technical_specs": [],
    "technical_tables": [],
    "technical_drawing": {
        "metadata": {
            "title": null,
            "drawing_no": null,
            "revision": null,
            "scale": null,
            "projection": null,
            "size": null,
            "format_rev": null,
            "ges_pn": null,
            "material": null,
            "finish": null,
            "tolerances": {
                "hole_diameter": null,
                "edge": null,
                "universal": null
            },
            "dimensions_unit": null,
            "sheet": null,
            "organization": null,
            "confidentiality": null
        },
        "approvals": {
            "drawn_by": {
                "name": null,
                "date": null
            },
            "engr": {
                "name": null,
                "date": null
            },
            "checked_by": {
                "name": null,
                "date": null
            }
        },
        "notes": [],
        "drawing_dimensions": {
            "hole_features": [],
            "radial_features": [],
            "angular_features": [],
            "linear_dimensions_sample": []
        }
    },
    "financials": {
        "total_payment": 44000,
        "currency": "VND"
    },
    "items": [
        {
            "name": "Mẽ gà cp 500g",
            "quantity": 1,
            "unit": null,
            "unit_price": 44000,
            "total_money": 44000,
            "specs_ref": null
        }
    ],
    "raw_text_all": [
        "VM4 01H 112 Thanh Niên",
        "S",
        "Số 112 Thanh Niên, P. Cảm Thành",
        "Vincommerce",
        "TP. Cầm Phả, Quảng Ninh",
        "024.71066866-29871",
        "hóa Đơn bán hàng",
        "Ngày bán:12/0B/2020",
        "10:00181262",
        "quấy:001",
        "NVBH:09015347",
        "Đơn giá",
        "Mặt hàng",
        "T.Tiến",
        "SL",
        "Mẽ gà cp 500g",
        "44.000",
        "1",
        "44.000",
        "1100016000014",
        "TỔNG TIỀN PHẢI T. TOÁN",
        "44.000",
        "TỔNG TIỀN ĐÃ GIẢM",
        "o",
        "44.000",
        "TIỀN KHÁCH TRÃ",
        "40.000",
        "TIẾN MẶT",
        "4.000",
        "VinID",
        "TIỀN TRẢ LẠI",
        "0",
        "(Giá đã bad gồm thuế GTGT)",
        "ID thẻ khách hàng",
        "XXXXXXXXXXXXXXXXXX3713",
        "Điểm tích(1.000VND:1 điểm)",
        "1",
        "Số tham chiếu",
        "00396700100181262",
        "chỉ xuất hóa đơn trong ngày",
        "Tax invoice will be issued within same day",
        "CÁM ƠN QUÝ KHÁCH VÀ HỆN GẶP LẠI",
        "Hotline: 02471066666 website: vinmart.com",
        "000",
        "Samsung Triple Camera",
        "Chụp bằng Galaxy M21"
    ]
}