{
    "document_type": "invoice",
    "general_info": {
        "code": null,
        "date": "2020-07-13",
        "seller_or_manufacturer": "MINI MART",
        "buyer_or_project": "khách hàng lẻ"
    },
    "technical_specs": [],
    "technical_tables": [],
    "technical_drawing": null,
    "financials": {
        "total_payment": 253000,
        "currency": "VND"
    },
    "items": [
        {
            "name": "HẠT NÊM KNORR THỊT THĂN-XƯƠNG ỐNG & TỦY 350GR",
            "quantity": 2,
            "unit": null,
            "unit_price": 25000,
            "total_money": 50000,
            "specs_ref": null
        },
        {
            "name": "XÚC XÍCH XUXIFARM VỊ HEO HẦM NẤM BÀO NGƯ 300GR",
            "quantity": 1,
            "unit": "Toon",
            "unit_price": 20000,
            "total_money": 29000,
            "specs_ref": null
        },
        {
            "name": "XÚC XÍCH EVERYDAY HEO TIỆT TRÙNG 250GR",
            "quantity": 3,
            "unit": "GOI",
            "unit_price": 25000,
            "total_money": 25000,
            "specs_ref": null
        },
        {
            "name": "MÌ ĂN LIỀN HẢO HẢO TÔM CHUA CAY 75GR",
            "quantity": 10,
            "unit": "GOI",
            "unit_price": 3500,
            "total_money": 35000,
            "specs_ref": null
        },
        {
            "name": "PHO BO CHINSU",
            "quantity": 3,
            "unit": "GOI",
            "unit_price": 8000,
            "total_money": 24000,
            "specs_ref": null
        },
        {
            "name": "PHỞ ĂN LIỀN ĐỆ NHẤT PHỞ BÒ 65GR",
            "quantity": 5,
            "unit": null,
            "unit_price": 6000,
            "total_money": 30000,
            "specs_ref": null
        },
        {
            "name": "MÌ ĂN LIỀN ĐỆ NHẤT PHỞ GÀ 65GR",
            "quantity": 1,
            "unit": "GOI",
            "unit_price": 6000,
            "total_money": 6000,
            "specs_ref": null
        },
        {
            "name": "PHỞ ĂN LIỀN VIFON GA 65GR",
            "quantity": 1,
            "unit": "GOI",
            "unit_price": 6000,
            "total_money": 6000,
            "specs_ref": null
        },
        {
            "name": "PHỞ ĂN LIỀN VIFON BÒ 65GR",
            "quantity": 1,
            "unit": null,
            "unit_price": 6000,
            "total_money": 6000,
            "specs_ref": null
        },
        {
            "name": "TĂM BÔNG MISU LÕI NHỰA",
            "quantity": 2,
            "unit": null,
            "unit_price": 6000,
            "total_money": 12000,
            "specs_ref": null
        },
        {
            "name": "BÔNG PHẤN TRULIVE",
            "quantity": 1,
            "unit": null,
            "unit_price": 30000,
            "total_money": 30000,
            "specs_ref": null
        }
    ],
    "raw_text_all": [
        "MINI MART",
        "Điện thoại 0942787s08",
        "Lục Quần Hoạ Có Đồng Thị Là Sơn Tây",
        "HÓA ĐƠN BẢN HÀNG",
        "Khách hàng khách hàng lỏ",
        "Thu ngân: Hằng CHI",
        "T.TIÊN",
        "Thu gian 0903, 13/07/2020",
        "ĐVT",
        "SIT ĐƠN GIA",
        "ĐƠN GIA KNOÀI THỊ THẦN XUỐNG",
        "ONG 8 TUY 350GR",
        "50.000",
        "2",
        "25.000",
        "25.000 XUXIE-RM VI HEO HAM",
        "NĂM BẢO NGŨ 6000GN",
        "29.000",
        "Toon",
        "1",
        "20.000",
        "Xuc Xich Everyday Heo Tiet",
        "3",
        "TRUNG 250GR",
        "25.000",
        "GOI",
        "03",
        "25.000",
        "1",
        "MÌ AN LIÊN HẢO HẢO TỒM CHUA CÂY",
        "4",
        "75GR",
        "35.000",
        "GOI",
        "10",
        "3.500",
        "pho bo chinsu",
        "5",
        "24.000",
        "GOI",
        "3",
        "8.000",
        "BHO AN LIEN DE NHaT PHO BO 65GR",
        "6",
        "30.000",
        "5",
        "6.000",
        "MOAN LIEN DE NHAT PHO GA 65GR",
        "7",
        "6.000",
        "GOI",
        "1",
        "6.000",
        "PHO AN LIÊN VIFON GA 05GR",
        "8",
        "6.000",
        "GOI",
        "1",
        "1",
        "6.000",
        "PHO AN LIÊN VIFON BO 65GR",
        "9",
        "6.000",
        "1",
        "6.000",
        "6.0M BÓNG MISU LoI NHUA 100CAL",
        "10",
        "12.000",
        "2",
        "6.000",
        "BÓNG PHAN TRULIVE",
        "11",
        "30.000",
        "1",
        "3% thình",
        "253.000",
        "Thành tiền:",
        "28",
        "Tổng SL sản phẩm:",
        "253.000",
        "Tổng tiền:",
        "253.000",
        "Khách hàng dưa:",
        "02018 - FPT,POS"
    ]
}