{
    "document_type": "invoice",
    "general_info": {
        "code": "00032132",
        "date": "2020-08-10",
        "seller_or_manufacturer": "Vincommerce",
        "buyer_or_project": null
    },
    "technical_specs": [],
    "technical_tables": [],
    "technical_drawing": null,
    "financials": {
        "total_payment": 129000,
        "currency": "VND"
    },
    "items": [
        {
            "name": "DOWNY NƯỚC XÃ HUYỀN BÍ TÚI 2,31/2,4L",
            "quantity": 1,
            "unit": null,
            "unit_price": 159000,
            "total_money": 159000,
            "specs_ref": "4902430818902"
        }
    ],
    "raw_text_all": [
        "VIM ONH T67, Khu Minh Tiến A",
        "1",
        "T67, Khu Minh Thần A",
        "Vincommerce",
        "P. Cầm Bình, TP. Cầm Phá, Anh",
        "02471088380- 31561",
        "HÓA ƠN BẮN HẰNG",
        "11:00032132",
        "Ngày bán: 10/08/2020 11:37",
        "NVBH:09025437",
        "QUẤY:001",
        "T.Tiến",
        "ơn giá",
        "SL",
        "Mặt hàng",
        "DOWNY NƯỚC XÃ HUYỀN BÍ TÚI 2,31/2,4L",
        "159.000",
        "159.000",
        "4902430818902",
        "1",
        "30.000",
        "KM",
        "129.000",
        "TỔNG TIẾN PHẢI T. TOÁN",
        "TỔNG TIẾN Ã GIẢM",
        "30.000",
        "129.000",
        "TIẾN KHÁCH TRẢ",
        "129.000",
        "TIỀN MẶT",
        "0",
        "TIẾN TRẢ LẠI",
        "(Giá đã bao gồm thuế GTGT)",
        "XXXXXXXXXXXXXXXX8809",
        "ID thẽ khách hàng",
        "4",
        "iếm tích(1.000VND?1 điểm)",
        "00515600100032132",
        "số tham chiếu",
        "Chỉ xuất hóa đơn trong ngày",
        "Tax invoice will be issued within same day",
        "CÁM ƠN QUÝ KHÁCH VÀ Hẹn GẶP LẠI",
        "Hot line: 02471066866 Website: vinmart.com",
        "000",
        "Samsung Triple Camera",
        "Chụp băng Galaxy M21"
    ]
}