{
    "document_type": "invoice",
    "general_info": {
        "code": {
            "value": "HD130820-0042",
            "source_text": "Số: HD130820-0042"
        },
        "date": {
            "value": "2020-08-13",
            "source_text": "13/08/2020"
        },
        "seller_or_manufacturer": {
            "value": "PHỔ MÔ Tổ 7 khu Tân Lập 4, P. Cẩm Thủy - Tp. Cẩm Pha - Quảng Ninh ĐT: 0858.931.931",
            "source_text": "PHỔ MÔ\nTổ 7 khu Tân Lập 4, P. Cẩm Thủy -\nTp. Cẩm Pha - Quảng Ninh\nĐT: 0858.931.931"
        },
        "buyer_or_project": {
            "value": null,
            "source_text": "Khách hàng:"
        }
    },
    "technical_specs": [],
    "technical_tables": [],
    "technical_drawing": null,
    "financials": {
        "total_payment": {
            "value": 32000,
            "source_text": "Tổng cộng:\n32,000"
        },
        "currency": {
            "value": "VND",
            "source_text": "Ba mươi hai nghìn đồng chẫn"
        }
    },
    "items": [
        {
            "name": {
                "value": "Trà chanh Up Sz 1",
                "source_text": "Trà chanh Up Sz 1"
            },
            "quantity": {
                "value": 1,
                "source_text": "1"
            },
            "unit": {
                "value": null,
                "source_text": null
            },
            "unit_price": {
                "value": 20000,
                "source_text": "20.000"
            },
            "total_money": {
                "value": 20000,
                "source_text": "20,000"
            },
            "specs_ref": {
                "value": null,
                "source_text": null
            }
        },
        {
            "name": {
                "value": "hướng dương dừa",
                "source_text": "hướng dương dừa"
            },
            "quantity": {
                "value": 1,
                "source_text": "1"
            },
            "unit": {
                "value": null,
                "source_text": null
            },
            "unit_price": {
                "value": 12000,
                "source_text": "12,000"
            },
            "total_money": {
                "value": 12000,
                "source_text": "12.000"
            },
            "specs_ref": {
                "value": null,
                "source_text": null
            }
        }
    ],
    "raw_text_all": [
        "PHỔ MÔ",
        "Tổ 7 khu Tân Lập 4, P. Cẩm Thủy -",
        "Tp. Cẩm Pha - Quảng Ninh",
        "ĐT: 0858.931.931",
        "HÓA ĐƠN BÁN HÀNG",
        "Số: HD130820-0042 - Bản: B 33]A]",
        "13/08/2020 - 22",
        "Khách hàng:",
        "SĐT:",
        "Địa chỉ:",
        "Đơn giá",
        "Thành tiền",
        "SL",
        "Trà chanh Up Sz 1",
        "20.000",
        "20,000",
        "1",
        "hướng dương dùa",
        "12,000",
        "12.000",
        "1",
        "Cộng tiền hàng:",
        "32,000",
        "Chiết khấu:",
        "0",
        "Tổng cộng:",
        "32,000",
        "Tiền khách đưa:",
        "32,000",
        "Tiền thừa",
        "0",
        "Ba mươi hai nghìn đồng chẫn",
        "Cảm ơn và hẹn gặp lạil",
        "Powered by Pos365.VN",
        "000",
        "Samsung Triple Camera",
        "Chụp bằng Galaxy M21"
    ]
}