{
    "document_type": "invoice",
    "general_info": {
        "code": "00078511",
        "date": "2020-08-08",
        "seller_or_manufacturer": "Vincommerce",
        "buyer_or_project": null
    },
    "technical_specs": [],
    "technical_tables": [],
    "technical_drawing": null,
    "financials": {
        "total_payment": 10600,
        "currency": "VND"
    },
    "items": [
        {
            "name": "PLAYMORE Kẹo The Vị Dưa Hấu Gói 12g",
            "quantity": 1,
            "unit": null,
            "unit_price": 10600,
            "total_money": 10600,
            "specs_ref": "8859578600400"
        }
    ],
    "raw_text_all": [
        "VINH VINH QNH 86 Trần Phú",
        "Số 36 Đường Trần Phú, P. Cầm Tây",
        "Vincommerce",
        "TP Cám Phá, T. Quảng Ninh,",
        "024.71068868-43331",
        "HÓA ƠN BÁN HẰNG",
        "1H:00078511",
        "Ngày bán:08/08/2020 08:39",
        "NVBH:09020168",
        "QUẤY:001",
        "T.Tiến",
        "ơn giá",
        "sl",
        "mặt hàng",
        "PLAYMORE Kẹo The Vị Dưa Hấu Gói 12g",
        "10.600",
        "10.600",
        "1",
        "8859578600400",
        "10.600",
        "TỔNG TIẾN PHẢI T, TOÁN",
        "o",
        "TỔNG TIẾN Ã GIẢM",
        "10.600",
        "TIẾN KHÁCH TRẢ",
        "20.000",
        "TIỀN MẶT",
        "9.400",
        "TIẾN TRẢ LẠI",
        "(Giá đã bao gốm thuế GTGT)",
        "Chỉ xuất hóa đơn trong ngày",
        "Tax invoice will be issued within same day",
        "CẨM ƠN QUÝ KHÁCH VÀ HỌN GẶP LẠI",
        "Hotline: 02471066866 website: vinmart.com",
        "000",
        "Samsung Triple Camera",
        "Chụp bằng Galaxy M21"
    ]
}