{
    "document_type": "receipt",
    "general_info": {
        "code": "D8422",
        "date": "2019-09-20",
        "seller_or_manufacturer": "Saigon Co.0p",
        "buyer_or_project": "Nguyễn Hoàng Anh"
    },
    "technical_specs": null,
    "technical_tables": null,
    "technical_drawing": null,
    "financials": {
        "total_payment": 38774.0,
        "currency": null
    },
    "items": [
        {
            "name": "Rau muống",
            "quantity": 0.418,
            "unit": "Kg",
            "unit_price": 19000.0,
            "total_money": 7942.0,
            "specs_ref": "VATO57"
        },
        {
            "name": "Thịt xay pha lóc",
            "quantity": 0.184,
            "unit": null,
            "unit_price": 112000.0,
            "total_money": 20832.0,
            "specs_ref": "VATO57"
        },
        {
            "name": "Đậu hũ trắng",
            "quantity": 2.0,
            "unit": null,
            "unit_price": 5000.0,
            "total_money": 10000.0,
            "specs_ref": "VAT102"
        }
    ],
    "raw_text_all": [
        "Saigon Co.0p",
        "Co.0P Food HN The K-PARK",
        "ha so thue, 0309129418-115",
        "Tang 1, Sh?, 50 tha Ka, Cong trinh chung cu",
        "Tăng lập dịch vu trên o dạt H-CT2 thương",
        "Liket hoa tu xay dung Khu nha o Hi Brand",
        "tai khu do thi moi van phu,",
        "P. Phu La, 0, Ha Dong, Tp Ha Noi",
        "Enail, erthekparkecoopfood.vn",
        "Website: wbw.saigonco-op.com.vn",
        "PHIẾU TINH TIÊN",
        "Co gia tri xuat Hoa don GTOT trong ngay",
        "Ngay: 20/09/2019.10:23:36",
        "Contermine",
        "Quay: 02",
        "Quay 1 Viên: Doan Quang Trung So HD: D8422",
        "0000002950076 Rau muong Kg",
        "7,942.00",
        "19,000.00",
        "VATO57",
        "0.418 KS",
        "00000278221 Thật vậy pha lóc",
        "20,832.00",
        "112,000.00",
        "VATO57",
        "0.184",
        "02000131115084 Day hu trang",
        "10,000.00",
        "5,000.00",
        "VAT102",
        "38,774.00",
        "Tong so tien thanh toan:",
        "4",
        "Tong so luong hang:",
        "Phuong thuc thanh toan:",
        "100,000.00",
        "Tien mat",
        "?61,226.00",
        "Tien thoi lai",
        "1,370.19",
        "Bao goa thue 6161.57:",
        "909.07",
        "Bao gom thue STGT 107:",
        "THÔNG TÌN KHÁCH HÀNG THẦN THIẾT:",
        "2820271869",
        "Ma so",
        "Hồ ten: (Dong) 9124.Nguyen Hoang Anh",
        "382",
        "Diem dau ngay:",
        "Diem su dung trong hoa don:",
        "Tran trong cam on Quy Khach da den mua",
        "nang tai Co.opfood, Hen gap lai",
        "250s1",
        "Ma HD: EDERACHLYANNY 10:24 25051"
    ]
}